address,label
0x1bbb72942e4f73753ca83787411dbed4476a5a7e,europe
0xfe04ef3e6acbaa8b57feaa6b67af1d28f12c5626,europe
0xafebbd3333fe5ab77f414e5bd50f0cf84ed17dbd,america
0xc0351dd147ebe8016a78e3d4f7ed49ae3232db1e,southeast_asia
0x31f615acd778d8482dcb88a34e1ff6e4251e6b6c,southeast_asia
0xd620695cc768798e1a30742ebf5a03ca0fcea5ae,europe
0x956df296434be2d0a7e3b57a81117de6e52622ac,america
0x9e47969dc2e13b46575ad9663646a0214a13f880,southeast_asia
0x1774671e523e8713dcfc66802da5240627584986,southeast_asia
0x8165d3ff5b73cfdaae17d8087d760da5907325f1,southeast_asia
0xef96052953adb819a61f9caad90340cfcb9a3596,europe
0x68ce149e3184ca67668817e01965b31725cb32d9,europe
0x7ea192566edcca8f1b5844f70d32310527c8af80,europe
0xbab24087c14f62804aeb83ff25252a19cb051d48,europe
0x7c6d932fb73aa2468093b39d563ebeaea2244555,america
0x8448e80bcd83400d7b20baaa606794cdc638ce10,southeast_asia
0x11e033bf2f9d17ac619c7cdbe10cfbabc691c69e,europe
0x7676fd2f2fa09049540291987883411f16f5cd39,africa
0xe4cfd8b33d228b4a8b203955c693b0dbb64a0062,europe
0xd6ca481e55fe2ac1fd5011a330a83d923f10d1c3,europe
0x1e4d3ff7179c6221f2812281d222acc93fa2259d,europe
0x873d95d9e78a7f152997e03f4e887889dabf05a5,south_asia
0xecefed540548694eb1fad9182820f03b1ddbf1b7,europe
0x68e8752021c865ea55a70c9bee619be9c080b413,europe
0x65d125516614fa12a8c001379da81f4261b0ba26,europe
0xe167b3384b159e42ac04b4d0a317ee8b14396467,europe
0xebe714023617ff6d2e59fdba33adfd166f9668b6,south_asia
0x6cefd848bb154b18a53e080253401cc691c6a9e4,southeast_asia
0x5013170596ebf826fd48d3f409b2215aefba6655,europe
0x44802f5bb3700ef3f12492342f80840f41bd0ad4,east_asia
0x1555d3b020117562f5dd7d274363b19bfd7bfc31,europe
0x7418f276c1799ffa8db4a5425a0249a1fa262aab,europe
0xbeccb3b9600a3b603f6033359b73654dd2913587,europe
0x68f168e262bc548a0e44498731d4d8f9b132e6b6,europe
0x578cf95b0e95547507f9414620831f4ec2a378a4,europe
0xc5b8128d99babb05397d496b2a3643f6e11c8a84,europe
0x2041336542785c7f2f82c89d1a4e2274d792d7f8,europe
0xa72f82122985005dd516016c2d117cf2805d7dd1,europe
0x501797bd0ca63c0e07bf169bfb0d79a69cce2870,europe
0x9181a08c4d6645d2d1651084a186dac2358c8cf5,europe
0x68a6c841040b05d60434d81000f523bf6355b31d,southeast_asia
0x871dbce2b9923a35716e7e83ee402b535298538e,southeast_asia
0xa1be0e47fa1b8e1eccc4312a7f82ed6b480e84d8,southeast_asia
0x1f5d1a01be9fe9e55cbea45bf915f514cd52e397,southeast_asia
0xd628bd1ce8ec59d47d9450c04383c624f5a5048a,southeast_asia
0x77cdaf209a783490dc3e3462bf77b2bd13cd360b,east_asia
0x41ab2c26cfb6df0c915e643681d0b29626f9833e,africa
0x18ce886ce9f30b6b5c9a99bd47d70d5e058e9872,europe
0x3f120a362f0bebce821716334052b58e2ad54aad,europe
0x8d188c5f18cc0d2eed5bff2d4e3fe663755c12a6,europe
0xb98d3dab731f62acc7cb7caccb4f8a120e9010b9,europe
0x39bbb8c321fdf88804c4f82487cb91115f1ec780,europe
0xa18dd13823b87c9677aaf98588ef62b9f8edcfb8,europe
0x671ec62d8654f3d553dcc92cb833c5d0231903a2,europe
0x759efb29eff6848e9d4709c0743bd242646a5d0b,america
0x0f933a2e6f78fc2b31138978bc481b594ba5e907,southeast_asia
0x8d73d80bb1e12d1a99029cc7fd99dad42eeb4776,southeast_asia
0x51959fa584c3fd9987d1c7a00b8de79283dd8cf7,southeast_asia
0x3afa760ff1f33c0e0800009ebad8200787a929dc,southeast_asia
0x9a85752b25cb26a1e42f8e095588e4647859bc36,southeast_asia
0x2f0a9bc53e9d3a45f5a6bf373e0a1775a815c684,africa
0xff7e509d99067493d83ff831001e02dd05667393,southeast_asia
0xe130b576816a56a9f72c3e6b1caa529702e27005,europe
0x480751fe6145978564249916ec4c217ec8df90cd,america
0x4ee68981e30ca1e7794b51302ff9b039c584d4e2,america
0xa6d6ee432434c54fdbf518a29d1842225a6bfaac,europe
0x1ed32f924c671bfbb3350b44634868709da2599e,europe
0xc523b74774c1d49b92e59494718cdb6ef7f4bc05,europe
0x37df79028f684f04e4cb01e7ec8b755b18d39842,europe
0xf46bbe8e42789b6b8366a69bf08c4617e298113f,europe
0xde2c1db7977bf2613e123b959e7af7aa80ea3da7,europe
0xabd5d7712fd842adb3ad029afb62d7f7d44052db,europe
0x0deb2dec3d13c6e5644d68afafc33001ba54711d,europe
0x19c98855a72c1fe36bc6f92e9e17e5ff791faf91,europe
0x61daf28b22fb7a81aceb92e9a4a41fcacaadfef9,europe
0xa905b124fcac70756d022784b5fb0c75431267f5,south_asia
0x2d041724707ab9f215a062dcde236ee7253152ba,south_asia
0x969f7f0b21b2623de9575c10c1671b5035a577d9,europe
0x329910834e425e8f3ca9d9003e1f7b086a1e4999,europe
0xa1b96721dd6e5f608a65c758969c04889212a79b,europe
0x517628ce4f1479caacd127611501a3a50afc07a7,europe
0xe01b6d5e914c9548a505a56385d47a833ff8090b,europe
0xcfd412226bf931e59467a07cd4995e57006dc6c2,america
0xe53c8cb0a5dd93df8ae38e07d99e359188c6d558,south_asia
0xa3b0f1ec40b42e7f0e08a4ffd96b2c0ee639b7af,europe
0xf9e43f20382c7fae2311a94ea3618b5f54675738,europe
0xf69b79c3142e97b6c86f91562c8061f7357c644e,europe
0xc6e54c69a7b5bb3dd146d84efb16584b19bd6fd0,southeast_asia
0xdbf9f65af1907516809fc3463db2e1fdc4f79034,europe
0xdba9dac687d4b4b263875587765bea27ee786bc3,europe
0x8f61d48f89ed6c503b268390added09f5297a8d5,southeast_asia
0x13c0c2f7eb2799a515aae280832443365e54b511,america
0x98175e49f745afbc60c0b8684a025af75cb6c08f,europe
0x07421f44e7478a5bdd25beedc49b8d497d6e7925,europe
0x1e7d7a3fbe3059007b157251ece49fe15566ad68,europe
0x81abab6c986cd57eef13dcbb3cda195ffeec012c,europe
0x5cfba41d9af861b46d460a38baf36e08e03c0891,europe
0xdda6ce6c7634711cea936ca089b01e15041b9932,europe
0x595622cbd0fc4727df476a1172ada30a9ddf8f43,southeast_asia
0x652474cfe33afc652e268299a3c3945e7d5f6167,southeast_asia
0x855bfeefaabda356b714fd68d666a7926efd49a6,europe
0xd78731bd3a38001fd4b3c8370a700a3691d2ac77,europe
0x3f6622be58df6a5d9a84ca5c41590992e8e0d77c,europe
0x95e3f6d9819f8d9fd3745842675dc55b9678a953,europe
0x5d9e700509b35b85aba6e5d23ad1ce698d777b16,europe
0x16b795fd0407a99c2318d10f65a00610f5f8ba56,america
0x6fd8688f55cf6a0d8dc5ebf02bb2823923362d89,europe
0x401c03fe13e2fbbfc0c4a6e617cf73123a205143,america
0xf7ee6799fce235ef0b80325c2f4883e25d2c9900,europe
0x38a5e1034c8bb4074067533472c575065cd01090,southeast_asia
0x0eddcd257651fa2a494900536c578b7403806138,europe
0x7fa294735f6883deb52eae1010c4ec250545e27a,europe
0xcdeaa156fdda848bf8ec60eb8a97880ca4a0577d,europe
0xa719ff2dc243cb9a43cb39cf4e93abfa79a15c6f,southeast_asia
0x1fc34df45170d042538a32c80f401e4199160bba,southeast_asia
0xe23c6944d065dcb5a9a5792b65140e24ca1d4c46,europe
0x0de0e164306a694e2da2568ff26584d7ac535feb,southeast_asia
0xbf4a1c42b99a098b8eb02ddfdf7522ed821420db,southeast_asia
0x1e511452572e8295bdf51b72389f9e5bc7059e69,europe
0x39a5087bc2045bfb10a78c951fd5f91f984629bb,europe
0xdd0e485a351e52b8d9684fbd1a465ec753325c66,europe
0x08c258b69d1697a9ab657b8a2c056fddd2a8421b,europe
0x2ec1bf387bbc07bbdca6d555ab0ae56272fbfaa9,europe
0x19dc1238669a0dd01c25f81ec4972428eed41c00,southeast_asia
0xddd83d778d4ad80877db5a5d4664b9bdaeb33e71,america
0xa3de7dcba30748cf73431952283cc7d2e0a42997,europe
0x2908a0379cbafe2e8e523f735717447579fc3c37,europe
0x057a988be5a7f565981467e45b57be1940e9970b,europe
0x209c2f619f2cb66a4a895cf2c9451a67cb4c4003,europe
0x2ef4241d96aeab70570f26b366e01c18364e962a,europe
0xe9ed7c3ea4126d91cb16eb3567efdb6f3220998f,europe
0x8829859c535326c1de5f7e63fc54ac6e77305230,europe
0x88c1cf9d78c17ae8dde55b06e766aa07e2783d8f,europe
0x609025c5ec4ccf934f2801233d229f614fab2a58,southeast_asia
0x2c9a413be3edcc98c4a14e5469bd324770bdf666,southeast_asia
0x5771f8a94890882e9aa311e58076d060cc323fdc,europe
0xef0170d6be53a1eccda20214a5d557c2b4310c79,europe
0xda3585d11525e209bd50ce948ae6e38ca9a5a355,europe
0xee05ab110eead83ab9ad78b81c80a1befce71916,europe
0x9c6f9f1c7396de022b205310cbb755168269cdf7,europe
0x9bf6e01ef7e4579dcfcca10855bf08792bcbad89,europe
0x9b953526e4af35598ecc218cfef2ac600188857c,europe
0x979fbe94ae021730d1e2a7894343ab060c173bba,southeast_asia
0xa9e064b31a469f2456fb843d7561a495459a6100,europe
0xeffd3686f8a0592e7a9446ea84b660705ec091b4,america
0x713cba939337765d089dc2d2f09a201ebb1286fd,europe
0x5129a780005a035d0e45316c2ed2bb3faa95e954,europe
0x386583ab035d5df60b293a14d7c37a0689be86a4,europe
0x00328b8a90652b37672f2f8c6c1d39ce718d7f89,southeast_asia
0x77f9215d2f9f49dcaf5133121fa7eae0199e043d,africa
0x1cd557f40c23a26e6af0b444cbd36335122eb0e3,southeast_asia
0x2a4b0baa513421c88a5ca7f0a083f2dcef5f889e,southeast_asia
0x982ff930e3d34573c176849665a07433fc75b53b,southeast_asia
0x22b5bd729cd88d834ae5e0da5a4e455c9c6e8b7f,europe
0x34f1c54cadeb9d8aecafc7f84056903f1c758236,south_asia
0x9afcd7e8cd78e73f43692af822b5bff65cf6f4ca,europe
0x067e3d6c48ccc0066717c8f5670145902d805787,southeast_asia
0x97b238a5ecce22ecf948b4d08d251614c4cbf664,america
0x9fe2e68add5f7aab87657a481591c9fd0c8fb8cd,europe
0x804da363b820e040d7afc1719016bb5e3da2e833,europe
0xe0e836e8deb0c57ffbb56575795927cece89f7d7,europe
0x19e959d41e63968df9f8987957976b26b523bb0d,africa
0x376825a808734a6c43bcf6f89bcf1e7affdfd5e8,europe
0x2a724be1b63caec1c3ef95834fdd443c3347ee1d,europe
0x7aac85d055864a8a86bc02b8e76fec484d560717,europe
0xc8d2b5c6ce8bf242cd3d436911c412de203b5241,europe
0xcfbf8d3d161a9ca3028761fed4d1c3db70f1b748,europe
0x9187787fcf2ce408e1a54032b8096731fe795153,europe
0xf1703c935c8d5fc95b8e3c7686fc87369351c3d1,america
0x34acdd10917bed04de178d826489637a488d96ab,europe
0xc1583ddeb8044010533101464d0fd71614a5dcc7,europe
0x9b877bad353fe2981106273fb691af27fd7c90e8,europe
0x90edd134a685f30396af3099b13da082f9e9c41b,america
0x230d13c9f5b1eb0945fd684d85aff0f8a8b58b46,europe
0xb632f577f49cd554e42657c3069663280c1a645a,europe
0xabef53aa88b38926744e895665b2828be46e708e,america
0xd55c15e6b3b3330f4c00fe75f66b3c8c0c46dee9,europe
0x4ff152e9c99909a7e2956444001081cfbad3377a,america
0xe92fabc81cf6099af2a34b301d693201f8509d4a,europe
0x5a64c7dc6fac4d0f71296c476bba6655315ba0ca,east_asia
0x991635d76bd22414cffc3eaad63b8b8d3b14ae88,europe
0x885d1a7928352d03e2e083e5fa1f56d3d3342608,europe
0x1d95790a6f59b51cc366c89678f77693d59b63b0,europe
0x04c7fb7e2e81b12751d136412e90a965c174773a,europe
0x94d62bc6ae1908254f854f14fd6ec31c35d56f79,europe
0x0dd1f3a1c5e47ce5cf9283dbd25e199cbdd2b64f,europe
0xbd8035d914ef3c5b7a53323c74ecc276039f1f09,europe
0xc12de812ae612b6d514b52d529f97f6acb524c8e,southeast_asia
0x7074b3d5393f23d192777737d87a3830aa90457a,europe
0xc5fe6cafc334343c64dd1ecf00e7f8ea74b18b2a,east_asia
0x5972494e22ebadbf4fbda92a1fe7fc8d3ad1dac3,europe
0xf3f554293e8d3021979589941ab0f00afb0f8900,southeast_asia
0xef6259159482370427929c1f40d36c28073bce96,america
0x376903c11271240738b0aba7feb308b0bf32d67f,europe
0x64f629bc7d7ecffc2bfe5f85f189712068cd4023,east_asia
0xd097eaddd561cb940f6d4d1a6c593529ddb1abcc,america
0xb7faec7de8b7b7939ab9faa1b481eef28db0dab1,europe
0x8f1674f6c34f0c82cbfa6c907470d060335d4ced,europe
0x2052a52edda3aaa1a9fd434c7723c78d968cfa02,europe
0x0fd3ae442e2d39bc19c76d5be49e0cf3a84399fe,europe
0xa6df5a693cc09d317ec64c5e275649b39b30b762,europe
0x29ee94a5504e9b205bec5070110fabff3bb250b7,europe
0x3fcf0a64a24f2b4bed6c2ff78a9b74d5808547a3,europe
0xd3d269187b4fe7c4e82d356ae2e9f0e6c35f572c,europe
0x47e3d115e5f1cfdcd80450cc2d1a0480a324756d,africa
0x33cbf3464813a5301dfb184ce7a2502ad3b9e86d,africa
0x00bdc5a7e9cc168f6d6ae7c1f1b668a3f80c96aa,southeast_asia
0xbd2f2bb7c57560a902630c51e8ff2456d63bd8e8,southeast_asia
0xfc70b244edcc0296401d6b0b5e676192b5ffc0e0,europe
0x00ffae0eb35cf760398fffbf8febff8c6a886030,europe
0x8f38fc632b16750cb260b751a10550e7e0fe5ffc,europe
0xa2656c03909827ad338c6002dc16e3567ef20cb8,america
0xaf8bdcc3111f295268133876d8c7026b650dba77,europe
0xf0bc7754f0b28bd16207fc8ace8f9e2595d91609,europe
0x959b299e37776131aba75c489055fc1721d2ede5,america
0x8ee22688fdec6c07fd08fa37e08cca06295232fc,europe
0x9a39659bab91b3e7c815bc1964837edc2cf8f13c,europe
0x27d27383373bada594d2f32318f107ad64c61311,southeast_asia
0xfb2cb2897ffbb6f485e65292419dfd27899d1f4c,america
0x8c652be594afe698fb7059b3180a251f79a67bc8,america
0x5288bce367174b851353daab20e1502e344a114c,europe
0x03b24d959222c0a557ecf1309fbd4c83088298e5,europe
0xf7727c3e90a54b4446eb4b9b30bff3fd92e43cc5,europe
0x2f298db3eda6542ebb5e9c819939b247d1b2bf77,europe
0x5ecf130e55062db1a2e4eef7849bcd4e40288c81,europe
0x1a2267c0c7678b7dfaef4046df7869db13a8c725,europe
0x43bb2a0451d5a0703bc78c7cac616b72b16bd164,europe
0xa1a8314f5a3e390ce27d58670b581aeb54e18f05,europe
0xea24876090a92eb87f84d695bd0c1896a90c5847,europe
0x43b6b02f78313f72a69e26c137a41644c88bc95d,europe
0xdf9134f23f39519cb8e5af048873facfb0154080,america
0x3f13754648487e465a9d39b3720e7e55390e053b,south_asia
0x048641795bcaa7d3c4374fa621f4448f0e02625d,europe
0x14ddcdbbe6b3cb98537fb46d25ee6c391aa62f32,europe
0xd6a430b25b12e39dcc01edf5c84a860d27777777,europe
0xfa5ab4faf47d3515048b8a030b1e2146f637691c,europe
0x83edd900cd276ef514dd6b577ce90c127189d67e,europe
0x76c794027606f38171c7285781eaf26963daea94,america
0xbdacd5909af7ac4b75e4df96bbd3fe55a970422e,south_asia
0x0a8d48c699a5124cfcd6013b93528e26ace5745b,southeast_asia
0x3a6a0e027b1e8271815930d959f6c024a9be9fa7,america
0x0bd8a1ce28e022b5d33a04f395e693b268c5bb9f,america
0x6ae5eb0fbf06fc1a92bb877a8c47e89c68e070d0,africa
0x109017e40adf1ed1d7444766706012a3867e610c,europe
0x821a5b51532fc718d3c62c089e4280493631bc04,east_asia
0xb65c8208c1ffb4650d05d28d85b52dbf874968b8,america
0xb0c7542b66809b894fc9812eb674b7265df77e1b,africa
0x34f61feabf03b99153ed59faa7a7b284b16b328c,africa
0xf26c0d320c9a11f90528f9372a6050650a46f525,europe
0x70f0dd940013cae36cdfeba49564c8d87879beed,europe
0xcde71303c4ddcd641758737b4aa7f15a68c68ac7,europe
0x2df60e4ed55839a5b0ca66c83bda5dd46cc8ace6,europe
0x67095eeb22ff69e755459c3e3ed482d932b84ac4,europe
0xe05ecf8cd11bfbfe29c817dbfb2668c96070ad16,europe
0x8fb4bc1db83ad1e362567b549cb43f5fc2af9ebf,africa
0x2c5437359937fd4db1cebbe76ed3567c19984f08,europe
0xf69311dceae8fb3a3eac9c6ae93adb7a5258f35a,south_asia
0xe8c9d041c4a746a6f05ab762b00c69ffeee5b02a,america
0x56de4e04a35562856f98189142a057c0a486ea8b,europe
0x8e1c49f9bc24f35af0bdcecd957f0122119e2aab,europe
0x40636ad205c7ca14ea7c5a52d809784622a285bc,europe
0xa76497b31f380191dde972d7d3104f4598fe651d,east_asia
0xeb31659cd5c9eb07c6386c573b36bb615fd6bde0,south_asia
0x24a98c99a0646b29059b9b3d74f0415c4338ce67,america
0xbc5aea3481fa202a5598d89dcfe31794aaacefbb,america
0x1aac6af125771294db5a58d85d336dd358ba893b,europe
0x85ea0828a27b2b96bf34bd7f26d2013dc1a3376e,southeast_asia
0xbacc32da1c775762e5c8baa038ad5a612d035567,america
0x7cbaa9ee7fd27881595297eecf6d464bb887feb8,europe
0xabb881b1146e36cf48cb21ec93d07b4580b893ea,europe
0x5b1341f6e34d813ba498053e7849bc937ee5f7e5,europe
0xf25454f48d2e7632e503a7a14ed38ac1186be056,america
0xe8f9f98d44e804a6d917d0248242f71b366ac3b9,europe
0xd61f575db188501d805b39664d1ae897de40582b,europe
0x8a10efe3da4dda222dd0b5421be40f833b783464,europe
0xd1e6ea9e5bffdd0e48f2c46b19593eae363d84e8,europe
0xc7fda51403773ec501d903d2b661b1faf7dc08bd,europe
0x8cf90ab09800550adccbfac34aae7caf42c8b461,southeast_asia
0x4ea9cb5baed46c2c3c986e22032defef24ce4fba,europe
0xf02e11ff81747c9fa623933764bb068b79995f7a,europe
0x097bfa958cccaa119e5c20cec2d982c056a65145,europe
0x26fca28969378c9cb3af6802dbda575c5bfbe064,europe
0x0c47f9c29c4bc5561532877ec1974145de23ed76,america
0xcd9d68df3f7dbbc1e92f507d9d1cf333abdbc74c,europe
0xd5824a035476a0d96267af5a355417caa24fe074,southeast_asia
0xee82918f7a647d21749ea27a5e08afceb4da191d,europe
0xa201b620a1bc7550125bc36aadc780e4dfa7726c,southeast_asia
0xae57ecbc5f69243d9a702c3385c72ed2b03bab0a,europe
0x5392436ef029695e70598f8f5c4553f5036aeec5,europe
0xee58af79b04bf0a3132eff15be64d39c563d67c7,europe
0x6d8e333c55476a2b6dea45233fbfafdff57c4269,europe
0x966a2bac7f09f2169a22d8a7638114e369bcf173,america
0x7d5db4f6c520c8061a83eb9921c9490e8b467f1a,europe
0x93d99e54fa5def70ded4f3c4cfac3a090887ec32,europe
0xc96c0d06d50ac65133707c01537b4fc7aaed4947,south_asia
0xfa0f5a3dfd1e7db71e1260ae15128abdda7e5d66,europe
0xc16ca0b78696ea3cdc304ac2329d360e10641c4c,southeast_asia
0x97f0cca020d50612b37c04aa28a32d66e2482d96,southeast_asia
0x989f89b2a70c61027fa0046ad7a86b415f99f5ba,europe
0x59aec57f0143314c2d8f9c5326ba9dcd866b8597,europe
0x9d3cec29d17c32f9c5e9471e3231b5e05ac63288,south_asia
0xf92e39fd0b6dd1c904c1167300b2bc5a56be860f,europe
0x3eeda88c4eb67d13d20ee47e44fc42f0060e61a9,europe
0x91b497585cd5c94e991a5a7f6bc4a9f8f0329ea9,europe
0x1006285a1fd002ed0a4d68a150af6fe371142e2d,africa
0x8df85ba784539bccba5fb8053a41ae8e55571436,europe
0x075ccc9d4a72898d2108929a980178af7ba5c131,southeast_asia
0xc724c8cb5db8bb39bca44d2da43f8b2f97af2991,south_asia
0x69bdfcd8c4dd0dca4d6b96a7854b94325b4f7bea,europe
0xeef81321d24121963ba0196c788229992ad8ae97,america
0xe000d7255f21d38529ec1ace424961519a7fe4f3,southeast_asia
0xe2e9e864fe50bd70bc36b1172ea69a4d01bbf9c8,america
0x6ad6b4780f8f1f349dbe1485c225aac67e98864c,europe
0x8802cf57ef7b146d3dc12e24b0ad38842ba6d2a6,europe
0xad94490585b60ef1c3552932f74414368653fafa,europe
0xdec13e100aaa697c8bfba5141b19360a410c4232,europe
0xde8965b7689aa2d2f8b2905fe6d1189c60f69766,europe
0x00c21d77b39a7439710c5aeb09c2c36800b6d6b8,europe
0x49ad19a0a702e95acad0ff29132f4edd1ff48342,europe
0xfbb0e10645f4471562c796ec2e5abfc1df948122,europe
0x44e98a087b65d59943311d2b38f5bad3cd74b997,europe
0x01e0b9c3b0c3bd07a0444cc26afc26fe0d421ce7,africa
0x05d91fc8171f2f6031e7fa5a87de881d2cc12c13,europe
0x4138f172a9dd0c3a832b570a78287ea9df9bab4b,europe
0x6dd3ff279881e4eecad2beaef3b6bc79d8bf5c42,america
0xe2e5fdbb737057769a55ea8b93d4e8cb81ff631b,europe
0x7b9a9d4746b31b888b431a6e5b389f18f04e5ccf,africa
0xa1bca4bb6e8e9665bb3479cc8fa4e67bfbf8ab53,europe
0x158bd10ae9db78f218fb4fd29344bdd7771e600d,southeast_asia
0x4b46642b43e701210962cf58edfbd8e240a44c3c,europe
0xadc47a80344ce0f33e1fcf04302f3b9d987013f6,europe
0x61ce9947ec43efcc7fc2d634b28a0a1f906d1a58,southeast_asia
0x5528148be17b1031ef398861f367b7d831239dc5,america
0xb2b1f686833717068d6c8111ce2e0104d4686699,southeast_asia
0x136771ad7a90891107bbcfc05af00e3e16705eb7,southeast_asia
0x909b2772166b48435cf6dd42111f1eae11517652,europe
0xa98862c6aa7a26a653f33d890ea9a3ced3fd63f8,europe
0xb5f6c7fc9b6e2c32d9a997d4c20e452d62728cce,europe
0x1cdbd8b8ef6b139b65bd8ec9cf20058f2e8548a6,europe
0xd14aa5ea3f8c30828d85f8bc287b637d8cd05d3d,europe
0x91464378e30d4f595bea8fa4af552f9ddacb6c4c,europe
0xe6ab7f4dfbe1fa2e2b28fdcf0c0e2d65baafbbf2,europe
0x8202f1bba67022a34c7775cf5dc5c4c0acea8cb6,europe
0x453135c50a5a2ca1c9f12209f5c9e3f631d35ccf,america
0x38218989487c7a75b3a552111349e4c1b9f6e569,america
0x0d87b1624240d8797b3483f87778ed19cff9bafd,europe
0x2cf5b421302bc89209ce95dbaf61aeeb23118a54,europe
0xa39a2073cd0ce7c027d6766bd00a09699d08b412,europe
0xdaa1644c34dfa8d5aef0cf17ab11ff2e099ec95f,europe
0xd0d5adafdd36964427b3ad5bc7c7b3b1614afd97,europe
0x84e026184a8c9974c0d8eb62a7fb4c2f732afa81,south_asia
0x680699a3ab6575e2e3ba07afe1b4f79d3a63230e,europe
0x351d41c8bbcd4b102a854d2c133e7f0fdb49fb00,europe
0x92d8e597d413beefb14f9b9e392a09659307a418,europe
0xc3db3a0461af75ac6aa87e18b342076dffa8f839,europe
0xcc2c181c24cf435dbb94bedcc52c05ac85ffa9a7,europe
0x0b29ce9b02f58c9eaf73d4b31c08effd750613f3,europe
0xe79c5c6a1b3f80deff4252399a9164b4f5b8b9a9,europe
0x0add4eccfed27fbadcbc62d8166439b596a1f1a0,europe
0x0d08855c586ed574f3c92fdd68ae5d51942d0a2d,europe
0xd70f330967f6d7df455a635b1af5d0aae36f694f,southeast_asia
0x902de0c923846d3b09192dcea7adf0e60b001d89,america
0x84805fec1368feefce6fcac0a12d011b0ce6856b,southeast_asia
0x1a284fa927f70507841cd39e3b80efd737121cd7,america
0xf53fecd2f3074a66e4a6fbe08b539353f99184cd,europe
0xcf7ae2b35040fb7b7f41871a3f58c5cdfbe21dec,europe
0x10574019acfba2d5ad7f4eda3eb67b2b5defa923,america
0xbb70eecd2d5bc463f3609fc84bb20825f9acce4f,europe
0x0d7876fb02c6a64ec468b3b5014759af1bc2abed,southeast_asia
0x4ca53b54650398cc1d1f927e839edbc43d584076,southeast_asia
0x876fe71bf6f0d2bb5d493a6b49287673737f421a,europe
0x00dbb56cf4fdfca98e35667c59879c343dbde087,europe
0x9e73c4557221aaf4e0c398b96dc2f4d6bf8897e5,europe
0x0072258da7379bbfd7add3c1840e20c13940b51c,europe
0x6e4b53c407f00b0516a43218e90699c64b54ffe3,europe
0xc85b6144d84699790b8802c5f59a6e7d1506dd3c,europe
0x6fd8b5c58acf7f98dd84c047cb099da1fcc75613,europe
0x313a385fa5a87eb340daf1c7d92bc29794e9c550,europe
0x6cea4145a69ba813d55766c793c11d4973959b49,europe
0xc800fabe68a85477aae810a5bc47e23bb20257f3,europe
0x3821245dab571f68cb0c97b04983de91651d0e01,america
0xe6e0177a0a4fe8e42d771f9e03cc44faa0e07be3,europe
0xf4ba94090a8899aa2b8b8a4efcfd3dbb0040ac80,europe
0x80ade958bb7d891c82edae1630949e80ddc70a36,europe
0x692e12a2af68ef354328b831470f2ac5c6865a5c,europe
0xc06b755fb38ba5f28687080cb5a8649dd798e7aa,europe
0xf56ceefdc1a281a8dcf845bb0f73454ff78e02a9,southeast_asia
0xfc2fcf1bd5eaf1f731619ad09cb61d179b24e760,south_asia
0x8a8da384c328aafe8571f594d164df18e0f5d5e1,europe
0x4a03c2a9f3a11b1fc154c8bc9b825e0ff503b028,east_asia
0x53ffcd15c1db2eec95367505881f5929dc4d5c84,europe
0x7dd249a6f113689b430542842fd76b11a325a73c,europe
0x3c9d10616f033d891d8aae850f0aff1bdf74ee4d,america
0x8928d55fa1eb2744b14bdc4f4cc897e48c214d47,europe
0xd4193a41aab069d4facffac8ebb8a5a1f45b64c3,europe
0x2e8afc00ef53119a8f275a9fdcab92a4ad3b22e2,europe
0x870aab67afa82a843119de897146dd33e57fd5c1,southeast_asia
0x188fb116f456df1ec723af2de49aaa2b69c58642,america
0xefa11f0ebe68a95f0a618f48d60e5ea474d5dff8,america
0x7584f297f11e5a5377f66d0c4bea9e676243d557,europe
0x92cba34892aa453b5c7f2b134c9d17ec59b26f02,africa
0x2e32edc78e988357b3101ab3cd95337a582ea1f2,southeast_asia
0xf0cdf96a812a6d844ceef55133f8abe0e0453d26,europe
0xad74286a8a56ac418cba68360b843aa32dd7b3ed,europe
0xe5c4046dda2e6ee739115ae8b7ef5220af052883,east_asia
0xc7d1c3c9236560ee2655b18f8f36d62458bde9be,europe
0xc3e32792653620f5f218db3f9a3925723e40b1c7,africa
0xa1522ae152f335f31e2bbabbd51d8e3f0ccb8108,europe
0x556a257f8ef54cc0ab7eabbfc74302047f528a6d,europe
0xaff580ee3af3a2aaa0ca19401473b52f288c0831,america
0x7fee7b44ee86f64ef4e9d86e6c8a4e38e12cb8c3,america
0x8c6470c9925f67915062e1a16407f7a9059f435a,southeast_asia
0x425bbc696b5768bd562dc07d7c5fd8897358ca0f,southeast_asia
0x4a57675a3d94f7f9e564488b317401c831f13aad,europe
0xc0f310084e7c63c12e49e056a33a3176354a8e53,africa
0xb5a135f6988ebbcf63dbd3ff4f4f3cb6e68d73dd,europe
0x6b0172de84d402d1feb9305aace5faa6fd4c0e87,africa
0x226c9c9204c57ee0dba7b274fa7eb7aba7542064,africa
0x0e4437f51a695f411f86fc606ec1470407a224c4,africa
0x657a3b891b43f2560da82a030a493dbabf5f95d6,europe
0xba55e2df7b9bf2dbfab6e999b39c96bb04695679,europe
0x59eaa2d7e4a343d750de5dfd9a88f980ad7d94fa,southeast_asia
0xa0f2237cbd5cd809034f28a794ce89f5e6976b47,europe
0xd9722c54bf5ed37bd04d452a205a2578f0e15caf,europe
0xb98ddfdfb24a031728419f22d8dc4d94d58d0c79,europe
0x86b7097f3c0ac94409a3d05ff8a15c0f55ae378b,europe
0xd145f00b275db56dfbd5f75c16d3fd7da218643f,europe
0x22b5461be1944662ecb0146fd7683921d1f5b5cd,europe
0xc5f23fc2ad937a290dcfcb87a4e65f36499f1896,europe
0xb381caf723003f717318da304d3b623949d59a39,europe
0x191397a6e5db2084a84b7a05984fae69c4a87f77,europe
0x568ee439524ff17469234880f84f547e85f56ba9,europe
0x1abd2512e44dbe752f81f179464fcb0aa4747886,southeast_asia
0xb1820dd6d0f68227d55eb72e1b33dd82c03c668f,southeast_asia
0xb60e2465e1c31176dfbb32d712b226896d58b955,southeast_asia
0x26602b62239095be7f3860ebfacca595ced7d8ca,southeast_asia
0x69d925eeaeee4c74408ee8c55c0605d0f1e0acd0,europe
0xdae433afb8e5208e93c488c01f45a137dabe51ba,europe
0xe49dbd820e7afb4a020486123804da125df9c730,america
0x0826af14f90fb371da3850408e1c0b561612177e,europe
0x1ecb49db5bde8649108f3558187f4ee191f33075,america
0x9d4b8c8239dabf1803fdaeeeb82c48a27fb4e21d,europe
0x05a095c7b5964ddebc290ca8449a82a92eb6a88b,southeast_asia
0x25dc060f7b063e3273833ed487bfc7818efe6bcb,europe
0xe0737276461a30e15ebeaddb5bf5429edfcb468a,europe
0x285d93e8bd800b74c49ea81c49aba7d6810bc1e5,europe
0xbc5690787d199016ffd3ef71b86787b985138698,europe
0x4d6f3cc5e329aedeccd322c119fd0737b460fa19,southeast_asia
0x42092a3a703dec15b212b3c5df45c619388b1416,southeast_asia
0xcfaa596880c7f775f1cb59b12f24c7ced4e94c77,southeast_asia
0x4c6098014f0ff34130a5098ec389c3d073563a41,southeast_asia
0x052ba6de0b3b41082dc57a1624dfe66f13c13c5b,africa
0xe51143b59cb498415b11f99cd473a5763489a5c8,europe
0x205909b99e9f3d5885897f974460fa93abbba267,europe
0xffac3f5e3194b15b326a339666fba0ee20735955,europe
0x32bbbe02b44299639166893fdbad025a6b13116f,europe
0xbfbb6b0341f73380906cd4af13895360465fb53e,america
0x7f5d0c407c8dd9ae632ba8102f4d779afa9c5ab6,america
0x419bd35686c160a87aeae05125b4e891cb9ac858,america
0x6f8eff08b9e99e5b3fb0de5c1e7b8c8d77fe031e,europe
0x9ac19aeed15e4d85fd93bacc88f8396858658064,europe
0xdb8031832f6b75eded22d317a076620c1e946b5a,europe
0xd2aa404d6b704dabc06565e4f33e89a31f634ad7,america
0x510623f885e859c400d1792be4ae22718e6fac0c,europe
0x17b0842a50d6592195be1e584baa16eb670a75a9,southeast_asia
0x818873f6bba8e3bef83b35bf2ceb87e76fc4e3d0,america
0xa36b2aa7c58de837a18ba9966ffb98f692694865,america
0xc5a9547731bbfb1cff5f1961c846f1dcb35b7382,europe
0x2a486dc841091471ee41b5048c09a902c5fd3f53,america
0x9d88f615e598ad9f672dc1f1629ccd49b0f627f3,europe
0x0ffb474bf3b7970eaf1957e39e41e4a6867f5842,europe
0x80b2cc4d28d6136e92ba35e56664bb859f1c9e22,america
0xf092a422cf0ed671c47dcdceccb26359219fb404,europe
0x3ac45d62d77c6b4bd4228a84b76a5c0d09e6d1a8,southeast_asia
0xc6052c453100924af53e38fa89c2367af3300212,europe
0x40cfc245b06d48acddde83f2ac1001b6bc350411,europe
0x4909fa70f915d73676cd3b76a773045faeaace45,southeast_asia
0xbde0fe78dfff8081cddb72621c2b09a6ed713c3e,europe
0x1f84833dcb4e7421fe691cb64369580c1e48b287,africa
0xcfb3bee6f6d4f1aa38ed57439bc5cf08f612d7b2,europe
0xeffe9aecbd784831d37a2add8f85b20bdc64e8b1,europe
0xfb6a8e57995e8f8c4d50e10256a451a822a3932e,europe
0x18567d57abb80c2b463dcb2ae9bab219c48e95d2,europe
0x4d081d727d97e4fe76660653f074d1e028e7033b,southeast_asia
0x96ba2b6edfe8edcb32d361f06568ec1993789bb6,america
0xb85ef703ded04360cd055b5245b5565201e1e311,europe
0x1e88c3ea2a70ae3670a795878bdb814dda291cea,southeast_asia
0xc0cba495273a6805c61f2429c65fe83e19ef7cdb,america
0x1a2f1422f75ec390f2d22370afa9df0bd324db8a,europe
0xc4c5f4d775dc2a99dee6c2a35122a6fc95803d98,europe
0x525082ea2a099f0c032b54a9371094a29ad00ded,southeast_asia
0xcc2368eaf57c66f86cd91d0c905e3bc0dbb478a0,east_asia
0xc867431efb3b775b713219ebd852e7712107ce0f,southeast_asia
0x3da1a2c6a67636175983ef4148f3c09f088c1922,europe
0x34ba6d9dcd0f511e5654944f39cd5894ff254ae8,europe
0xcc974ff463659d200fc0bcb66754072159b3b8c7,europe
0xcc8fdfc90ed30ab2da9b53302c1ba5e976210281,southeast_asia
0x9ecb3ec2aba206e89df763bb43a3149ed4d08eac,europe
0xc3e403b21fc888d59df7ba6324a5a01421a0853f,europe
0x6d97a67c74c4cbbda59611080106343cdc9e8ea3,southeast_asia
0xe163e55f92013eef0055316c79554485f1968b3a,europe
0x763608ef20ec3914380b8db67b368305dfc976b1,europe
0xbe1b22b82c83438b41182b2ae583547644315843,europe
0x620ffa6f238fb4f0f94f8c32f1ce074fd80f72df,america
0x435603fc527b9034ae56f92504f4bc626d1dd215,europe
0x9f9afad1c7aecc9d80e2208bb5a8292160f3cf17,europe
0x027a5f0f3fd5eef1db9aeb9684a5e54958434b5f,america
0xc40f489cbe1c5066b049f83bb015af0756fe7627,europe
0x42cbd162dec68abb7f25f53e497117527bea463b,southeast_asia
0x9e4785220f11e3e0c9c6411076898e8e14b9ed9a,europe
0x73a7bd6500f0ea10340bf1286a78772c7c340faa,southeast_asia
0x61526be5a19a37c371011dc0026dd9869fae7908,southeast_asia
0x0ff867e5a281a56acaf65e81d5efb4e8a1a0d69b,america
0x55dc621537bc133f7b68bb958ae5772c2c04ad5f,america
0xdec81745c4e4e566ad2f79b0ffedffc09d3881e5,america
0xdb1a1f4508434502d0a1dc6e7c400a84987bc827,europe
0x506717317381092b2eb0b6d6b32765b0a85585f9,europe
0x73793533e5134d694de45b0faab552a37bb7ba73,europe
0x3b80cc002c04c6520adc0becad7697a49d6d693e,europe
0xda68fb5234702fa4552157dad8d3f83d0c82bf65,europe
0x7030827734f362e568a2072c4b08c6207bae6cc5,america
0xab1036bc4f31dbfd01571998615f507ca576aa47,europe
0x85b1f3d88b24baecd275e5028fe1712f53769ac9,south_asia
0x639cc139ef56c2d2adfd6d6d4bf10613099f8e18,europe
0xbf9e9b65a2919ac61cb93b2517666e680a25bce3,europe
0x0f6f51fbba69ac927f18e18597cfb54639cec2a7,europe
0x844cf84148a88071e2f0d0faa1273f0f8ce8134c,europe
0x45892ad27efce5e611272fcc3062023f7ab2dcda,europe
0xdb5f2960885e56624ff2681eba9971fe2e7eab57,east_asia
0x1a364a139eb5bb0ddec0e844d37f13e02a5beb46,europe
0x3b0f97112962e2256ae5d18647499e1185e746a4,europe
0xcf097bd6ea4f03973c6d9cba94ddd74fc214360d,europe
0x02eae6a4c5d6185805c102f57b1712e21f9aca59,europe
0x777cf1a1a592085835c3f93758cfbd3814dbed9e,europe
0x20f6bf9526f396d3996d6f78eb60b5ff7176f1c0,europe
0x98466f9a0a474d7e853ebcee0c6fa8b8abfac8d2,southeast_asia
0x0aec243f82ffd017666f6ffdf9fa81daf2546fb4,southeast_asia
0x764f2b525b551c828727c1d95513aabf4b8b3c35,europe
0xd6df066966eab8550f96e062c06887139d149eaa,america
0x485aeb3d32c05f2cc0a3c64ccf0366183be89082,europe
0xa34a4aac320a184ab85d927923f4587df6015dec,africa
0xbc6f55626dba30816e53dfed5913fa24c5a150c9,africa
0x3de4b4594878e3b0c437ad8b6f8c993b14710d2a,america
0xc8cd6ef6187ee64e0ad4cecaac938fd03ef3eda8,europe
0x36c0062973780cd15ff7f6302ea4afccd14a31fb,europe
0x5d644e545232d992fe2583d38f021e1bd51fcc00,south_asia
0xcf82b08e552e09fdf0b193781e6d8d4634d3477e,europe
0x0f8a479827482f3f90ec4b5be43e19e64c2eb947,south_asia
0x274c7c153225ec7a4fc14f152d4ce2b9216a8544,europe
0xc01072ca05c6669cbe73ffdcabce37c866d31738,europe
0x0aa4112e1242283671067adb6fbdc6b5f9f012a9,europe
0x1eaa6e571529fc1cd611bad6d41b469f2b37774b,europe
0x9236c8f2e967ccff36e8cd930860d5036099ee4e,europe
0xeaf1f05e10ed2b0d6910c7abb0860eaa8de171ab,europe
0x6bced627a5a13d984c23dc082a38f7332e37466f,america
0x5b98792e9c3f481b58db1375effd2bef0e267da6,south_asia
0x177264402e96f641fbeb44e0ad52617b3b424a1d,southeast_asia
0x46601f8e28388bca8675e64b739bd24d50e5ef81,south_asia
0xa4299f0ca69110c521f20c9b7456ef36c80efd68,europe
0x21b554a20e9842de9697a46e97e0f3c846ffae7f,southeast_asia
0x91e37cb21d5a0bfab9a5518c6c262e9cb80fcde4,america
0x6a596f4c72e1ea7e97c9ca2471f483f92d80483b,southeast_asia
0xfb5fb897670b8af96a51358ebc6e4495d0d3a36e,europe
0x2ec3c1c487a3e921069c8b2405d8a648301e2477,southeast_asia
0x7fa991505aca678ec67d8a21c201abc1065d52fa,europe
0x448918193090bcf5e21c8f535b56d631aae8e52f,south_asia
0xe8ef7bc1f81f5ba3fd337c78f54ba93ebca2f1b6,europe
0x98b800dc4a054966d107d73cee5567302aa3541d,europe
0xbe0679d08f4f92e459a6d651cb535e8c553cf386,europe
0x660cfab1b410847c2e9c35c2ae1223dbaf09c061,europe
0x29f4196b476295a5567e31d55653d15ea54638ea,europe
0x120904db382ccb3f7f47c45408fa3d18ec4f1194,europe
0xab2e465e571c9a1809a7b99d17fc443d85cb63ae,europe
0xa61790ae695b26ae57b83e797fb877f27274714b,europe
0x53acb0554867f8f63a8dd759caafa0dcc55a5bc6,europe
0xa701cecb7e4f3e5da98edf4a752fe2a1f02cea25,southeast_asia
0x3caa5a78d530bac6bc5e93e31a679588ff46ce04,europe
0xaa6576321852f9a6bc82c841e44632257fb4c096,africa
0xb2ae7773e14d857d1202cfc2a6a5a2a3de1525f5,europe
0xa1017667f828b3d212df7c08e46772ae2bdd6fd3,europe
0x8ed0f21286d85f7d93c03bbfc93a31fa8a1c4390,america
0xb1ac790dbfff93000c5dfde88d4eaa96368f044d,europe
0xc90aba8217000b6cf7276e13322cbbff36c7a0f7,europe
0x5fa56f8a2002b4ec1005027bd17307fcda7eeec5,southeast_asia
0x3df8048ba8609c9a5312b0ca789402e89e8aab56,southeast_asia
0x16dc6374260ba9114fe9b040886d77f91de90cb8,america
0x074b3fbbcd9451047f8d691494b860078637e362,southeast_asia
0xe2a00f01124477fda0a546f6eb9f16d1281af42b,europe
0x69da379166673ebbc352c1fc082c407d14a7e2c6,europe
0xa2e42f22a92364f8af1bdd2ad02a71c772ecf453,america
0x14472b7fcba793633813076f82937f7d834661b8,america
0xa0a75241baff645376e766d463b4d5c02e06cc19,europe
0x23fc0bb4cf80a53e4cc9ac3bec849ac5360b4e98,europe
0x16c5951d53e2a548a6c515351aeec1dc86435b52,america
0x8ba0987f8663df4d29bff81e6d5af89e7543f518,southeast_asia
0x030af18e2e73696cc89480d60323ec1909ac88a7,southeast_asia
0xfe0ab43d167ac43ca8b875390b51d311ded67b2a,southeast_asia
0x2033a182cd8abc67f59c800657914f24e60ecfa0,europe
0xf6aa6d17ef62d98a3576dea5e6c8171cff02ddea,south_asia
0x70474ecdd48f995b4bce821cc8e6cd8017706c1d,europe
0xbf7106ae11b86248ecca5bb44f97d2f17647cd67,southeast_asia
0xdf9604f97023221055a85baa22846aca2dfa1a13,america
0xb02afc0086565a4b3181951b4af908c9220a47de,europe
0x56563889d33acd3e38d97e27d516f2acf4e3f933,america
0x73c7391894beb4be3344fddcff10607781ee924b,europe
0x3b37d7926279617c62e286d7d94940cfa8689849,south_asia
0xd2ab94773d92f2a8413b954f18d7f6ea50ec9d12,southeast_asia
0x9399bd4da262cdad315ca722b5872f6212484b23,southeast_asia
0x5e7430758b5601941bcabfb2f98fd838c4e01fe2,south_asia
0x275a9027d4a4c50eb0abb8757221db9871d4ce24,europe
0x162a6c96ae2787b8edaa4dbd869360cf5c8cf3af,europe
0x1f9b17dddd3becc97acdb67343eaab1f59de154e,africa
0x654b3836e915616f830357de47c973d650326aee,europe
0x01e5a5c4451a2e4688fd38f51d25ccdce684790f,southeast_asia
0xcf522ce2759a959299b5a7b4e84294809a16064a,europe
0x2d67ad2873d9d4e08f37602738454330dece1512,southeast_asia
0xa49f596cfb6844a8a9b8bf6265cf0f5ea59833fd,southeast_asia
0x14e98cf079dfed9dceba32b00e347c2c00d0ada2,southeast_asia
0xe38899ed2e672b3a6718efb73191831c96e80838,southeast_asia
0x047356fff7664cfe8f333466f22c0dbcb9f5a03d,southeast_asia
0x1f5b020d8bef3f9850bf0502d3a7438f4db4bad9,south_asia
0xcc86c99ebe6fb837bf9c454c1480a98459a9f20f,europe
0x2a1b61efed472aee09bb7c9d2739e8855d868210,europe
0xe1e087939d1a52fd8045476cc7e994b16c7593a8,europe
0x9b427d7e0896d6cb7dedf46540908dc2a28f912c,europe
0x4e99950e3fc7f8ab24897a1732c147d78c674957,europe
0x68ab40e5a83212cb5986bcec4a69c7d4f6284e58,europe
0x37856a138f23a5351f8228cbfed1315a00aa2642,europe
0x990675b5b73775292d8bc8fe5b06278437c64cb3,europe
0x2711057f0090934947ae77c2203e2061211ccaf1,europe
0x099f1538a776982196110b4f8248b8fe9c96ee83,europe
0xdd908c46e037fef47e403d7d70c91522e1831354,europe
0x60bff88d3be5dcdf1a94b23386402d6237964d52,europe
0x95018d3da0a4b9c69e4ded6c6754d4f96263fb42,europe
0x2cfdaf42ff124d4ac566e734ca173f9cdef19b31,america
0x4a3914a5c2d3e00dea43c8eabbb08852001e1a33,europe
0x77d8f931d472bfd1fc3ec4a0534547f36f19f7a5,europe
0x209342ac28c07e43b1141a4956ef5eef99788446,europe
0x5c4f6f0ad4516bc029cacd515cb9bc0f74328d2f,europe
0xc56e69c5412b9629b4418eab6b9b94820eb8be13,europe
0xcf37d56b123c8332ead17ec4d7e4093fae01656a,europe
0xe538d160d20f328b6326fb789cbd16faad944b9b,europe
0xa4725810d99546704e1174c1a80f9a1d34c83980,america
0x086fe454e980677a26179e9aae9c104cd0c1a2a0,europe
0x8966defd6537fd708d17a6ffa2942b043b2b429c,america
0x5fe3317586c3f674e77804c6a8847afb7e7ff604,europe
0x1dd4431060decb08b641e7a02842dc9087d01a81,africa
0xe8963b3cba99145f825480c27c9c4aaa178ad604,south_asia
0x5031296271cea03cdcdc951d263a2e9a70acca1f,america
0x69f24f7e3c183605dd4b3205d4623ef4df2ce9ed,europe
0x053bd1bbb88de775e7eaf9ba0a68dd3f881ddf7c,europe
0x33e0ed1f3d35f6112d4dfaf8944ff17633e6cf24,europe
0xb2b22d715ef6957d5c23eb7bae9f91bb8cb50d94,europe
0x36914ba5a192954287d99397d0575bdf2b250dd1,europe
0x5c44798e7cef28273633e6fe9777fbca71f5eacd,europe
0x1ebab71db6249a370fbd5af2fae35c6761b4a14d,america
0x4f6715b2963e570ccab2a561268f311676e16bef,america
0x651e72f51bde845b223d8095a27da4d90269c2a8,europe
0xc9e197deb88d82e2d45f29c396dbfd94bc8212ea,europe
0xb52302f6774740b4e66de179b63b2db2cb3a7aef,europe
0xda1234324db236d8a6ebbf4e280c02a16b2db472,europe
0x3227b82dc1c39c03da9c4e513e33cda6f3271e1b,europe
0x3592ce500f78090d0bdd9b453c97c2413d165513,europe
0xffa0cc998e509ba38b6550e9dc8203ea8735c86a,europe
0x57e279d9e2b79b7bc1702c48bc4e506c2a66b4e1,europe
0xf6f8bb3bf0b250d4b41de6bc20fe57df62c045e3,europe
0x9950ffced8723bf6b2bb8356fa1185fd7f02ddc4,america
0x317bb1235c39484d41bb522ffbdcada0159ae9ba,america
0x950b81643ea603628a503f30a82948893eadd842,europe
0x22b38c8dcb4d8a00a567cdcd1c52bc13df0340f5,europe
0x7c7820040702b42e4d9a3962faf47ca2f3c56097,europe
0xf9b1cb58cda9b8cf17792942a16a97e9e2dceb46,europe
0x4936a66c61342af0f0016e8f04bfb4b56076ba38,europe
0x46485919cc2205fe392d1ba0773b568023a72ccc,europe
0x9aee262b2168b81ef10179fda27a46fe4b88a190,europe
0x3b9547e1f40b73a9dc75f645a84a23a594d9f8f4,europe
0x808b392d6b383c3b73e2ac34f2beaa16d06ed0c5,europe
0xacbb67985107f44abb39111e4aa5b55d3063c876,america
0xc429a279dd69159b791e7eaa89c9d1419788c1e2,europe
0xf7d955a8ce26186aa7cb869c621495348a3702f0,europe
0x3d51082f231742328d4568030618bbf0d01432cf,europe
0xb11d7441a5e5e66245e6d69185339df6b236d5e0,europe
0x51c5788cc679ff6ed1afd178f17a4c6d555190ff,america
0x2c414eb447a5740e81bbc1e69aa7c7f5f1876b7f,europe
0xf2c48e88f7eea738748224f690b8ff131ccf724b,europe
0x1620ba1f21efd7f07aa39905ca57b14d9b7d8205,europe
0x3ab7aa2799d3bc7038852674fd7d153051b5dc09,america
0x66c91eacbdb5a55cfe4a236e309ed38cf2348339,america
0x23603674760c3c69680879705048f792378accab,america
0x3070da3f90456452d7e718113861b1a5c0ecb1a9,europe
0x9340cf0ce06d8d39adb88a808b7ef594b5373701,america
0x5370b3ca55bb561e7bc050c81848873b9bcebbec,europe
0x8c20bb70a0366772a1090750f333738a7a4c3eff,southeast_asia
0xb1c4db10e74d8fde0cbf3ada3b2508b13f78fa41,europe
0xd32c9c2d751bf7949583b6e7abb37efb42acf12d,europe
0x9c2c3b36fbce13efb602750ef3403291824fa338,europe
0x2c5f91978fbf2c8092884a87a2114afd5ebab8da,europe
0x5e85d2029a550b22e84677bada363e232e9991be,europe
0xbc5522c37cdf413046c6a29c71ea631e07cc1242,america
0x8931a9b60c8deae42e7287ae47f5cce6f2525880,america
0x442a9d83099d3389708e1b2d5cb1d35b9b48cc24,europe
0x389a6283cca6c37476c32f34bb1d3e53a0ebf7ea,europe
0xfe32f28b21d74780e6231ec3b317316bb21a64fe,europe
0x82cd4f9e2363c5017404b76dbf75b54819aa4fe4,europe
0xc8801ffaaa9dfcce7299e7b4eb616741ea01f5de,europe
0xb7b533e38c2214c6b3de2e70bc71ea073b72b759,europe
0x94ce3191ff314f575f2a7d469d3d6997c8529b57,europe
0x54788a1a6850e21a24de502b6fe645be03a9e317,europe
0x756c1ac65c0b2269f918d8418d43c6c298c90b21,america
0x9d1ce0de032d439f822b8d2c4077aa5d6abedb4d,europe
0x63f47d8bb11ff8c2ceec7512d2b3928615673e42,america
0x2dc705fb58fde5f68fb3a59098af99d45403c474,europe
0xa433f123fcddd7f9700ec33dbc7804391d81b618,america
0xdf0803f28fafda95d1e70ae18c213fa03792fece,america
0x9d2e81f081053df970b8936ea177e8abfb55c8d7,europe
0xf606139431b63374404658b1c031838f28aeeb27,europe
0xfc5e37e3a31ee00a4171dc5ba466e55b443ce474,europe
0x5af39d537567cd57713091199e63b001f281b531,europe
0xe58590e9f8aab14428c4513a07d0d82650a88227,europe
0xcf6dcbe05323d97ff86376dd2978c7d5d90246a7,europe
0x02ba7fd1b0acdd0e4f8c6da7c4ba8fd7f963ba50,east_asia
0x6b902859342ebce24f3a70ace0a6899743118a40,europe
0x7f163d66c5d395fc0ea2cacc49cb1893b64d8e4d,europe
0x5a90ea08176cde9aa62cc1015ff9fff8e9e63691,europe
0x8d08608073cea3da59a70a8e6851c601f2501478,europe
0x35dcc4c3ce116649bac123d4c27096806a2ad7b4,america
0xff56b15637908d7a358f7938c9cb80ea2977fb4d,europe
0x3f319fbc87f506bdc22c4940d3de5cf6ca5bd15b,europe
0x44ff8af2d2ab1c03d1959a8dfc2b0842513c8734,europe
0xda57f8b211528cd047d6d92dbc467310c9d0ba8a,south_asia
0x1ff8569051bcf7a734ca9224aec3f6b55d9c0448,europe
0xa5e3e01be38c91cc974dbf17525ea4d54823cd0b,europe
0x68d9103bc4ff2af7d988be6319b62a8a7750265a,europe
0xb98b0dbdd5eceffcff2c67865ead74fba652332b,europe
0xf32422fd9ea0907d168b8d5992ad11c40e36afb2,europe
0xbcf977923a053e8d23ac7efb87fba0d15760a74b,europe
0x9ae46927c222287c648954cb7b4de57ddb306cb5,europe
0x97610440f4dcef6c1ae7ec968392b0dcb97ce0d5,europe
0xc0e9e3e0fbd82385048aaa43ad66dc5379acb040,europe
0xf2b23ba6c2c4825943203e98edd0dca4feb25755,europe
0x1a615a5cb1cfe0d86729cbf3305e8054913fe9b6,europe
0xe3724b763b37a4be248bbb52ebce36bd70354397,europe
0x627856d5920db0e1cebeff2b9698029f6218dc56,america
0xcb7999faf1b7ff4ae7ab555c8378ddc51046f090,europe
0x4d402d43feb56bd0f61b8bf5a15454597b1525a7,south_asia
0x5caaa2375985eabe725e5d178a2fbbd141b34b20,america
0xdbbd8ff86a8ca1524df2e44fe5894dd9121ef0b3,southeast_asia
0x871772f7048556ae9545f0cf36438f4bcff25cdc,europe
0x7d0352b97adb898e49b796941fcdaed29f4b235e,europe
0xf70121436fcfb7527a1a58a2c8db79391e83a931,east_asia
0x96ed47a4a5fe22522acc8e30fa8cd53121f9a54c,europe
0xf96593f28ecbc39cdc7f168163925e93c00fc886,africa
0xf0071664d82dbcc223d40e291b8b468e5b91063a,southeast_asia
0x88a33426f3e2412d6ed51946d465144b623f191f,america
0x8557e1774fe2a10f20ed9f86ae65087973157ba3,europe
0xe82eb9b45aea4c7483263a8d5882a0cb71a042de,southeast_asia
0xe32680ab40dfaeb75620f1f9db41deec55a3da39,africa
0x5db510dcfca64d7a2a0a35b637a59156c6c7d605,america
0x91d4e8b6748ba923bceeb93b09783835e208e030,southeast_asia
0x7120f947983916a71f82e634ac7e6cf498489196,europe
0x0f13e9ca9c6ec7226bba02f492d70308462ef110,south_asia
0x822af7d3781448ed809bfb7d3bf58975e9a6b6b0,south_asia
0xd4db7553cea59043c31b5166c8f4bbf75e457736,europe
0xc2f5e56673c6de41b86ee3502815289923f2e8c7,europe
0xe299cd97b7be1ba7a1abbb3e77404ab020e49b3d,europe
0x21145847cce1371adaa9fbd0784a7c4e5cb2cebe,europe
0x478817c8cf568b2ac85028836a90ade42e878316,africa
0x5676c13a5d3917034bc092ecd8ac3f9f5ce73d4e,southeast_asia
0x14a63e6c69810d9ae58ecfa2d06fb92e9a1bceae,america
0xd745b071d9188f57feda378020173faed9dbf327,southeast_asia
0x41bd57323e0fe7c0f134d177f9a64a75dd0f8d28,america
0x85d55866845643bd2c615aeeaccba7609d1fbf21,europe
0x7251b2cea12235a9291b7a7e8b32688ef641445a,europe
0xd2f7c9d108b66299efb16269ea83bdf27317e65f,europe
0xb95c20381421973791a1d73640fe2fd015845032,europe
0xaea49e13317174872f110baff2e84e81cf2c7702,europe
0x6ef16f72c884342f4b534848077ef9f753c0199e,europe
0x75444ca415545985269d189e5e85d73580de0f41,europe
0xda3bca829f20b852f3baf8d4ceae690b768d2b6c,europe
0xffe3385962b6bf54860f06dd35d5db3504bd1286,europe
0xbf350dfefba2d19325d2859fe5ef049df93dc5d7,south_asia
0x6d2038042ff6d30621fb48404db294766094b071,europe
0x2ee70dcd94f1f7b3e41b839497653fa532dc69d6,europe
0x6f549c9d9956d4ade66b3956f969075adae4942a,europe
0xc5c85daf81981aca92f03d9de2e20654e1451205,south_asia
0x438a4f7e650346d064b4040b14b02d819efbf991,europe
0xb1d0d3bf4ff2b45e6df790bd9aacf2da1c7d8fd2,america
0x8af61825f3bebd9dd2a5209469c77d14be16bd15,europe
0x04e30140f1127b48c59887f32702af0051f2296c,southeast_asia
0x38bac649cbd61eb8e282b907e651a2a6596f7631,america
0x397212b029c44600eb17610f090c0c2003bd4c48,america
0xe3575adf63838f5de7d4dc64f74f90aba65bfd6b,southeast_asia
0x7d01d6c66ec78e1f520d5d991f5ccfa27d86b5f9,america
0x0a003ff553f4a83f54d022973dcf34a3b348b60a,europe
0x8896e0833d371a358ee06eba7d4052d3e69aa189,europe
0xe5ffa8ff89da9b9900daf1b057504e73dc397fa7,europe
0x36efd8d2ca39468067c9915c77c5f83389bda38c,southeast_asia
0xf14a4d14da4468eacb01f5ac2789f61cf240fad1,southeast_asia
0x614046da38020a35741ca2a36145080806ff4b03,europe
0x4090063fb4d44a39282c5e50db8e76f5cb20fbeb,europe
0xc42101367930cc03f1e36f5ca2e1e39ed58bf236,europe
0x42788a21f48f423300fd887f6d4b23f8c1e34b43,europe
0x8b4729516cb09c75f4907552ffd6cb476d60961d,europe
0xeddb1e456e84ecaa77f3b8176d4f74aad1708f5e,america
0xefb0d0801223a0f1579069b1f43895713663d653,europe
0x318e901bbf31bdc3b64d44327eaae9230a37070f,america
0x2b210c848713ade23fbf8ac63f9caa74cc0325b9,europe
0x70b092345e4f3c824918c6db1ab6e4022b03bfe2,east_asia
0x2c0b87a76e571c2e5530eab85f808d01954b7de7,europe
0x4d8903027d37bcdb5a0e167eda1b850d5dfeabfe,europe
0x9d0f580d561bd2384dc451fc4d752816e6b4190f,europe
0x744d5f2d149f0019344f10eebb5bfd384ae2aa80,europe
0x878d63edeafa4bcb18956a46dfadddf12f8cd709,europe
0x24bbb271f0f1588048d7dc20ad11a9e0585e54a9,america
0xad26085c07e70c73230d548224264d3941bc1dc6,europe
0x4f154ef9ee1c6497a9e37a849cb17a749034b8aa,europe
0xe36fd373df1d309241ba2a70ade88f2aaac42e71,europe
0xe8626d0ce64a7c118487071eea61059824bc002f,america
0xb6220240f71bc37d69ce79b8a9a0e6f156c054c1,america
0xb10e8b066d22ee726b2c955e8ceff00afe418adb,europe
0xdafc906f25e11cf4a351062e9e532a0f65da65ad,south_asia
0xb66ac7329b7846b45812b3d1061ca86a87bfd1b9,south_asia
0xe9868ca8dd15841198ffc2647f8965f9c923c674,america
0x67da5734b7cf26044b88cc43f135c78d932cb676,europe
0xa962affa8730993fdeaf096e5ec6c633f30ce634,east_asia
0xe308ef1a6e6606476996c5a821c1f1da991cc12b,europe
0x7916238d85d87610966d07429820ab0de4baf7ad,europe
0x694350b8b11f7931798531795ac7680b7f078132,europe
0x4d476ab8edd39bebee7a247d78e43a2020515c56,europe
0x577c5b119bf7b727d219328e48dd2c30d8354096,south_asia
0x262c62dc55a438b82ec8d053d555cc49bb28d7fb,europe
0x746d3b172e87ebab1af0a714eaea7b5216b5b5d9,europe
0x21e423c3c9ef804ac7ce5c42908fb621a07c20ad,europe
0x9c819fbd4479c9bd307b6208f33ded953d9b626e,europe
0xa30fb7c881463a29d4432b0b3f0b510c0f96b387,europe
0xbcb45aa7c2bba5da54c19b63bc6a224b7420c843,southeast_asia
0x8ac7ac7361d7917ddd06a5d763c7f324b7f5e435,america
0x1feacf4cb37e4d2c5c0d560a2b32ab4f22217250,europe
0x7208ea2945bc056db3a24892b9950fb4312949de,europe
0x8cbf633bc07a5181f6b73f8d62d3267aef0d6287,america
0xa2a0391952c7ecb112a289985783fb097a09ee11,europe
0x16e2bf96e39fa81a10fc043b7baeb56eee0b51ae,south_asia
0x662b0da61b0b6ed8b23f0ce3c0af9fb8afc8e24e,southeast_asia
0xda00f7a48c851e9239f99e16c1317d9dba9efa23,east_asia
0xb116f6afd437f58eef53205828165e1e297cf286,europe
0x7db95f68b4951cc1c1a29f10c920a5c7d68c0589,europe
0xafc9ca7e6accb249dbb9c5c523421ad9665896e5,europe
0x004391e1e1e4ca58395449a69f8b0cd685f51452,europe
0x4f9c648bece9b7bb330a1f715759f5e64361f108,america
0x1600295bdfca3f90ed8d87b5ac0cabec764fbaa6,europe
0xbe2554028ce7ffb96159297a5f08a08c40cedbfb,europe
0x9ec95b1da2ca375a089a0d4d81d1c0c00f48c393,europe
0x21e6c2d99b84cd3181a9047f839f93ca7e950f6a,europe
0x2d121817d801d65fc9c877a9ea871a4d7efabe51,europe
0xb160a656b386c8aa6814503cd95d2ad54b63b213,america
0x9c9dee97dac33cb3cf8de18f98e893de39263fcb,europe
0x0983515fd588ae32c41eeaea8f9c59e27d50e01b,america
0xd2705e1f03a53e03e5a3705431656fe12c0c7449,europe
0x7bbdbcd19847862ae2bccee07db45522e1903986,europe
0x1576fbd997abf8295adea735a74acf20b07732e8,europe
0xa3b3d0dcff250151ba33c10c6660d0e651cdc501,america
0xdade0ebf3c02562a80950782c49dc8a27c8e9ec5,europe
0xc14747f7b182045a475b01337b4893de1fd479af,east_asia
0xbdd9be8555ea246bf2800c0abf2509426636e9d3,europe
0x448a69d113aedc0379bb866ed41888c7afb40c18,southeast_asia
0x051904b04e71fe8a396b36644d9891f87deb7940,europe
0xf33e6b51bab09f3d7a7b4404a3db0269968b2cf8,europe
0x9c7450c8c1aae3f777c338c0e77ee878cd879730,america
0x1adef8941083a40f7fecfff39bd96d06c3b3741a,europe
0xb51a7572fac1174eae84973e0e80b46270a4c045,europe
0x1f4c2e01760fc3dca50aba4b1bdca066592c57af,europe
0xf0e7566cc691cac82ac6cf1e8de83afedbb7e99a,america
0x891c6ba27551f56eab258efa636fc54bea8266e3,europe
0x126e6f3fc2dd6d0af302207219eb55a7a5ab1315,southeast_asia
0xb3d0db85ee6dc3744b23e4376345f17856a7cdf9,east_asia
0x7855828a9bb7dd3574af4188ba5f572150f0c0f1,europe
0x9ba26def941d1a0e365bc85414e614be646dd429,europe
0xdab6c4cb131a7eb2277b76c7de0c91841660a8d1,america
0x3909e89db317c5f9dd8d1e275439acf59e11c1a0,europe
0xed6c228456fe50bfcd85140f61087ed3ce667f9d,europe
0x6a56699a6540e655d9bc55e20247d003795222d6,africa
0xdbc6300ea561e76b2a7843d499d47f444ddf7c9f,america
0xc09bcd57519c871b4c4dae022c39f74d59444339,southeast_asia
0xf92d98da092c577f4862c523c84a085ea12018e7,america
0x1383601a697102a16d4c89d7256797ce04f3d6c7,europe
0xcc58a7fc3b86d73f3bc0680dcaa7e3a5bf075c8d,southeast_asia
0x52b4868b362adc3365b9a110ecbfe71e2b36bab2,europe
0x508c122075d3a84c1271d0da20dd2646137793b0,europe
0xabd45b9e73eb42e9bce4c398dea44ae1ea8b62c6,europe
0xaa2388cb87a1f00dc0dd4c715adabcb9c4f6058b,europe
0x783a65546f612a432baa22751882a07d372d644c,america
0xb2a86e3051bb321910cf4ee10251c22562d58b5d,america
0xaacfafdc6503dc42bf0ad18db0eea2f08c478fb1,america
0x2c67951a0609fa56f4d500de6a9457114a392639,europe
0xa842c8d784545d13bc54fcdea74b1ee54d940d3f,east_asia
0x160edca3e1419adae46aec8f95d2a269a6a72469,europe
0x19e42b42e35013d8d1a9bf963ada13e1e16a2c2d,europe
0x6ab250fbdb553efbde18ce3d427ffff50bc763cb,east_asia
0xab7b52be914d38267100ae36052f89542f3d6f15,europe
0x24a402a704e2f012c983e8faee0de1d2f5e3d27f,europe
0xef18b4a2228023c1fe9933be77c40fdab83ecf15,europe
0xb9c6e530e2c8d8431e8d5f676f73a9ca5ae08484,america
0xa26b65a9f1a6b33c049d47df80e0c0b5c4f98eae,europe
0x0ddb08d633093ed48a6f4d4a06d822b4252b7d92,europe
0xb1258a840838ffffde73cccf76483e0a8d9aaf0b,europe
0x94b4b99b59aaf8aef45a458f5d5b88393a6bed4a,europe
0x934eabe8a02f31e7ed9e74877aa1c62827be0591,europe
0xf125368ab0cc89d5f6a0df37e0afa26a46640e38,europe
0x53f15d0cff75e95cb50fca6f18848d16bea0eb2d,europe
0xf367a5e8fc6670a2a763204e23be953fa8c38b8c,europe
0xae11e327f4a40a05e25babadd2e049f9d813867f,america
0x4fc50e902835885f994ed55b5f3878a57af36331,africa
0x38e123f89a7576b2942010ad1f468cc0ea8f9f4b,europe
0x945f3206131168caa181132cb9f5bd09af028448,europe
0x9da350af83f708b91046c41013981dfc7c127708,europe
0xfd36dafc4c69ef7b95489f560bdbb3336e3c3c09,europe
0x0a69e7000a4e8c6d3b982d7e58022cf2e48440b1,europe
0x6653a5b634dac13458299c95f04c0e3c98f09adf,europe
0x57a5875a61d227936b870caeb68d14817f6b3cf5,europe
0xc1149eaed8d651673157db80bc4c04859bcd190f,europe
0x64e66aadf08b3102c648bafb4cecf2ab7c059643,europe
0x96409cba8820e29abea15da97839a0824e2284dd,europe
0x34de819ffe770a44ed3cefa928dcd6b11f5d0016,south_asia
0xb5550e13c71fc0991397b3de8d094fbac3a99fb7,africa
0xd22bd7d495b8f3b8944e4cae6bc26f273b54cdc2,europe
0x3b8c75de443c9083b3e76a41480d9e4e1793745c,europe
0xc275c8b75e6c026f0cb434fa0bc53b1cc530ca20,southeast_asia
0xe30dc1eba82267d5e55391d3cdc7d6f72de9c227,europe
0x74baf228f54f4ee57f8a52f0f894ad897d96fc74,southeast_asia
0x65d30f8538eb5320d92facebb14c1fec37f4fbf0,southeast_asia
0x568763fe5a744d7ed33cb3676a349aff7ed58e30,southeast_asia
0x270c9f5ef27e28deebebaca3d76e9bc8d1c94840,southeast_asia
0x77a86dfc76431bf59fce1670347b6598670f2639,southeast_asia
0xf7ba2534e390084dd62f7f20e301ff4f7f1eb13a,europe
0x10e37639490b0f2660338c33f630d72b172ccd2a,europe
0xddcbc363613a91b2b07b4c2ee21446a4fbfa54df,europe
0x610ea11da32b985d7e700a5a12d729c7c19c2195,america
0x9d677963c958672bd5e8378a607a97f5b6cfeb0e,southeast_asia
0x86feeb330218f3917c3d8b6def77ef96b5fcdc07,southeast_asia
0x44038b7f28027366851365f06312f34a42f71cfc,america
0xa9f38c72135095a788547a84a1b0f50d8a90a30a,east_asia
0x03eff31c70c53cd93551189e02aeaeffc70f360f,europe
0xffa83dd2d5fbf7dd2e26bbd571b85bbf192c35f6,south_asia
0x185653bc4b9ba5e1d0670a0617c2bf848f7c698c,america
0xef07da2f720f0336b39871f6da9f7182f83face4,europe
0xae1f8eda2792ee45b992c7d92ff779cd6a8d7027,europe
0xc1b947d0c823e3030ca701fdfb077e9c2e248aaa,europe
0xe516d267dfb00ec18bb87a2b47fa817fc391d36a,europe
0xb9193c7361779bd7e05e7f9b344bd6fe4cad12f2,europe
0x5533d26605584af86077e170122be5e69445ec6b,europe
0xf0ad9efbd75d18f92ff5946b009cc9600d9f9c2f,europe
0x8ba60b5dc3e367c440e34aa66dad7f1d6667d1c6,europe
0xb6f6ba192c41e7eda53653e4615326b6b03f388c,america
0x346abea94055b074e05bc8af61bd2ee6505721f1,europe
0x94162b462b73ba0dcae12704913a48b4e062c228,america
0x065f0089f9c90ecdf9d35a37fc920ba97a227252,europe
0x010d66fbed75f69297d1220f32b38b6147402203,europe
0x8916c5f93df85bff549af86b90a1ac6130bcdd91,america
0x107008fc75f88c4d09d52234446af345672312c8,europe
0xa8af1d7c7aa7694dbbb595af9fac1933ab1078c2,southeast_asia
0xe81322f24453c09635a0343c973e808b3c4c4bfe,europe
0x939309a54768f2ed18b78908e3cf4bdb273a352f,america
0x102ad2cf269404ddfdc4adb1ff26b4767fb07358,africa
0xbdc99f53d08628ae00c06b4190869c216da3b7d0,europe
0xdbfca2fa34a733e8b40ecfbab5c8cc0636693454,america
0x09b484eba3480e6a631e70dc8336cbc23c9c4f08,europe
0xcdcfa9d3aa41af7851b8a92b36f192fb3cde357c,america
0x9ed7704efdba07c304246c9e9c2f469adaafd758,southeast_asia
0x5d40ca0db543089d6f20a84936c3bcd4a3aa07c3,southeast_asia
0xb3c5ac1fa0fb820852245aeae747963ad6e2b242,east_asia
0xbf63fa186a299271573b12e283865d866a99d822,europe
0x58bb77ce98ba7d56d6ed30358cac19d81e3170d2,america
0xdadf7624aa3f4916f66e5d1bb7811c571c3145d5,america
0x440323aa100ad174031a51bdd64a737ad63473a1,america
0x749dc2f508f6c0f13569ba6dd436c1a4d6d90f39,europe
0x0bc90a1351fa0da82556f94dc50de229faf50425,africa
0x771577d6b48223087538748da05cf45e65ae56a0,east_asia
0x575123ee1a61bed1b147ac3729a5222e60a76145,europe
0xe511d2f862b7ec7e81a1027ba1c4eb2d5b339168,southeast_asia
0x12597699125e7b7cb7b7e4e7d18f477f37231abd,southeast_asia
0x7bbc3e70d853858d0a123465145289580584cf7b,southeast_asia
0x05b02ceb3e765e00dba1699766467a857bc8ac52,america
0xea9bcc906b10eafe780117f3b772325fe19179a9,southeast_asia
0x53430f13a3e206c4f2375a68daeb64a087659358,europe
0x3cbbcaa408fe5a360f425ed05eebb544ec6da259,southeast_asia
0xd1242c20b77688e2132d1721642ccf19a2eab86c,america
0xf63bfa35f02f76f92c7f0b1da3859e77e9ebe3e4,america
0x33bf0aa12c276ec1377d6220a22cb4da03a078ed,europe
0x02e19fe7ba33d5124b21a9939147677f07494900,europe
0x43e6cab19d6beadae44192e62d40180b8d810efc,europe
0x57dbdc1b9e656524e8cf3acea7e7a7b9a67896e2,europe
0x406cd9b0b56f3d9c9c70ca542f0968ddfbf93c4b,europe
0xf2204b5c345eb159414d0ba50d91b128f6a194ee,southeast_asia
0xde01974fb4a98bafd7cbf8a06ecf6dcc94d7283f,east_asia
0x2973d269ad7f9e722b5f516505b02236b608fff1,america
0xa64a7194e9602d716e953e39632cd79eba82c8e1,america
0xa4a095754e44c1c1343a694f3b2d04882c841ef5,europe
0xde3b5a6f57d1892eec709b3557364fe2f3b786b1,south_asia
0xff7edbbdacc5ea8fe5e5abea5b9be818a3b306ed,europe
0xc90e832ab7ff847595d11a25f811981a7c56f4e6,america
0x232c4a5cff7857dd2b911859dfcd552c38baeb06,europe
0x00548c6803b84a019946c66cf1e23029c3b0b852,europe
0xe44e5681fc68ad633e804fc5f284fad194bfc4cb,europe
0x9c4882d6d67e1cefa5248a706b73071ccce68c39,europe
0xf026e0c7eaf3fb6767fa62750298249604f6569a,africa
0x2a91417ca09bb5d839e990297769160ee38d2823,america
0x635ad0386b71f250987a44ea91b11a3c1190cefb,america
0x02a0c63e19cbfb195ffbef43f699a8d736b6ece1,america
0x13cddf0f094dc640eb26f9010104676fde983d50,southeast_asia
0xc3df9fdd45790981da355c4abaf5ca3b924b7ca2,europe
0x4f817fd3ff75207466b4188e912bc30d81f0b1ca,africa
0x5ba16de45e600381dabca31724e0e72d8f2e956e,europe
0x3c8d75f546df28901e748497f5b1f8bbacb583ab,east_asia
0xbe0e569db23bd94e207840f2ec9f30af3acb2357,south_asia
0x71bdf57fad6e0d25ed1202d1b6f12650512bd743,africa
0x6a5690b5cd26fc68c620ff4f3bb2fddca91c8e02,america
0x4393d9c4fc2f12b2f4d6df0b254e1d99f4dd6dd4,africa
0x8c8f09f26aac769b62de7b880a30b7e742c3fbee,europe
0x28ab0b4215899e722c7ea31b4b5126d39fd494ea,europe
0x8943e477005f66f1c97eb2407632574ad3fae01e,southeast_asia
0xc32c8487e58256fd8c7b80a4f6eb0c5421c5b596,america
0x79785b784d43e2fcc6a675728b5052b8e4c4c7f0,europe
0xc0489ce75b6c23e664f0bf27e5677a353796ce38,southeast_asia
0xebaf5f130828d13b69e5c6544bdf8650f2613a2b,america
0x92cae3813efe95e1a5dbf4dddb73cf8ce39eadf3,europe
0x700a6077fea4fb46bfae624a4a1d02bef58a43fa,europe
0xbf8c3989d348b9b9e584144bee2eada26693a01a,europe
0x15ba0aca1b6af7366eacfb2954009d04e657dc50,europe
0x7edfcf2abbbba6c05878fd81f891d76209f94f0d,europe
0xe33fd9355230a8285a342ec6c50de707a58abaef,america
0x96d7190b86b9a714f7bd2dc09ccbd90ff406d37a,south_asia
0x501ed674dcfb19471fd8ef70da84c7e3127bb3b4,europe
0x4d46ae7d493aac1d61add0478e35d6e04d38f7bf,america
0x9e94612be8b16f342f2d2862179fa8eac6f57b27,europe
0x3619694b5e36b2d9fe73d389bfdadfd79531736b,southeast_asia
0x8a912eaa3890a7d3d4b0a46b7c389afc45c3988e,south_asia
0x9ce2a347fa1640003b0f34ba3af0503156173bc5,europe
0x351a201bbdc73134e062635f09622c66fad57cc9,southeast_asia
0x7ddac5befe6062401b2dd2176d9813676223a3d8,america
0xacf6e7885d35db7b30141735f387ce571919586b,europe
0x94c235bc416624478e5eb2e14d21b9711b64b782,europe
0x6623510017e425894a48eade5bedd1166e9bd490,europe
0xacbc0bd8f782da0ced5d327ada7f0225f48c7955,europe
0x2d2bc79b591bcecd15be3d268c8b4cf413009234,america
0xb0d5fc5dfa09867783dd20cdf15bc1071bdbe069,europe
0x6e49ec7a1d3038d74d7265d3336192ac73ec68e5,europe
0xac7367fe5423f5134039b446d4b9dd9c06f57826,southeast_asia
0xcf156bddb649aba493b508e43b02bfd455a62b5f,southeast_asia
0xc2a621c139bb7f477da58e58887a8845b388dc11,europe
0x9fcc31a58fb461e516786e1e463daffba303f04a,europe
0x38262e5ffa02a87ba20f103f9552c063ad4f5522,europe
0xcd4e5ae75b6013b53105577356f9cae77166a3ec,europe
0x7cbebac5007b17734a37165ed6245863e7ece1bb,europe
0xe645da707fba306132f394631e4e154e307cf9c9,africa
0xd92ed6a86dcd0077c37018942f79eec8f21b3161,america
0x3f3b60ddae3fecfd7642d50731effbc3e3fead27,europe
0x7b3acbcbeeec4bbae059d87d11de8c03199f32fc,south_asia
0xc95dab9b0e1377b9773c9bd93fcbe8b769684d5d,europe
0x28fab8339ddf29bcf01f4092a2e5eda76282dbd8,east_asia
0x99c6f21332c6df9f9feaa6304f800443a21b4176,europe
0x6bd57e707a9eb641ed7238920b5b7523ff33d9ef,southeast_asia
0x4ed12f433ebdff9ae1b82aa1d01a7c9e8eb9c592,europe
0xb23032ed8034b36ca03464fedf32fd2a7eea9725,america
0xf818083b37c7686ec2ec714a6a13e0263e9c195f,europe
0xc0db0f61f42900f90ef99e47ba9bafaa3ce54b38,southeast_asia
0xf981ee2ae82fc8e8408918bbc44f5867744e84de,europe
0xc72fed114603672fa95e3b7c8a847ce763ab30d7,europe
0xe177ce6e560b6c4c6b461151fe3d1985882613e5,europe
0x61cf71ae8edfef1be54c9ea7ddd47ee1f12e7a52,europe
0xc1373da1522d0c6908c2b00a4a195eec8e276c2e,america
0x4450434c42cb2e123145b6ac277c062a7b347437,east_asia
0x7db8b5db9cf572934890beecad2164bdb26aef28,america
0x86ffb23efa68d622e0afbdc6154788255baed356,southeast_asia
0x2273349d2374865bd8d81c6a223c58faff400b24,europe
0xf696ab3e4f9d52482b8350ffae67d21fda78e601,america
0x0e60e3a840c950c2de29c6b3ff4ebce3dc0f72a3,america
0x7263267aca13ef96ed425c957760b6f20edee9bb,europe
0x60d1483624c3434459add2bbb4a0563b4b3896fb,africa
0xdf8ac6ccbd4bb1031407dcb43d1335196b52c1a5,europe
0x3b9b83cc30dcf9de45d3d9e5e36f230129ed1e55,europe
0x9c527cda7afe98db3bdf879f442c3449ac3aaf53,southeast_asia
0x23925b49e87b35cf76706e5b3746aaced95e50a7,america
0x49127a1d4c8e89b525835043ed29344d2c2faa3b,america
0x5ee7bb187cfa641282cd7513936e3a10117a33d9,europe
0xb61cf50c8c8ce7ea8874a9aa35789c98db395192,america
0x76e795fe362eedb74b8612c8c448dcfaca917861,europe
0xfb8c56445306e439b6ad53357798bbf79d7762aa,europe
0x99f4e87f866a7e5963683c5be3d3f8047e710026,america
0xc07c6a6dc6762d91f03a4da8403ba55c74c71145,europe
0xf2e822b94fbbf375c569a4dcefc0f617141d7ca4,america
0x55e88b131a9e1533c2bf4a5fa8aaa7f06669f155,southeast_asia
0xfd3cfa06038cfb28dfdfee7c72e430f65f968381,europe
0x34295632ba00366b4ca208204ca5f9733fcaf381,europe
0x891a8e533c83e71f2fb7da046274f669de693cc9,europe
0xbd0e7f3685faef962af00e972e0d5ba80b22b2d5,europe
0x14759e32387573f863b58657cc568b8f3786164d,europe
0xc459eab59f7f29d1de892527b70f6cad63084583,southeast_asia
0xab0d6eb6f2057d4f470bba555fd2b11be4e2c3e0,europe
0x15cadeaa322dc9ff3d2b6642b76238be1d806c65,east_asia
0x1f271c37b8b71ec60210adf3fd45a4b65b1f8dbc,america
0x42ce85375dd9b3de2594cb6e86d7cb7d6971d204,europe
0xb160fd630c0a03afb617c4adc7c7fec54d04c8cc,europe
0x5b136197932a7326fa8a853caac36dd30c23c512,europe
0x81420d1c70f3294556a6980bf5a7115190549b34,america
0xc53dacb7311747c23f0615f9658ca562bccd425d,america
0xf42f917a786351a903d332da11c355ec1d1bc421,southeast_asia
0xe728eacda19c80495bbd8d1b65485bbfe4a2b85c,east_asia
0x99030458f2270e85d87651507fd0d205e5143fe7,europe
0x151b0b365b84ea64496387e603000ef5e5c26652,america
0xf954fc3ba307aadf3ac297df3de35201b07dbf89,europe
0x492858f02f04c35343bcbc1cecfdb6d25759e3a4,europe
0x01ccd75b739ea68983c53dbb2f30f47f7370a352,europe
0x138217746bd24765ada859ed9cf23182e456ca3d,europe
0x92cc79907489e3a0894145c7f4759deca36d268e,europe
0x02aed212b3317ee947cf8e0f2f0e525d6f979b69,europe
0x4a566b9f3ba6fdaa7f70e8e16af3e5e8f415a9df,east_asia
0xf9d25a771701b1b2eba88a98780d38d4455f3160,america
0x3dee3b20ca6880ee8699e3f9b3dc4f7946036349,southeast_asia
0x5416dce4045522a463da6c1061bc01fc3eba13ba,southeast_asia
0x6a762bbad4d0f0063a1fa82653ba411096c6215a,east_asia
0x38871896116b35ba8396ea0a7a4b63c375552fcd,southeast_asia
0xf974be374ad9fe1903f0b9be95913bc1bd8d95d5,southeast_asia
0x9201f2ba3f9bf813f7ed49a00a4116a2dcb38684,america
0x24cd7568e062d9e51fa99eb2ea24206caaf180d8,southeast_asia
0x99398e9e7c7dc858607a8dc653746eef310073ed,east_asia
0x97596f8f33fce3e0b47597b3d57ab765c8bb31c1,east_asia
0xbc649940135a8cc2561256caa824c45aec3dd055,east_asia
0xf6910c0cc6123a7fa4af67afcafbbecbf41cf1f7,east_asia
0x8c02805f1ea7e796777152b224b4940e0aff4c11,east_asia
0xfe19e312ce41275b3288bcfe133ae6535311f247,east_asia
0xecf1b9769d6d4e6ac33d150c684c6ac560cb7657,east_asia
0xc20e3775eca385da00e5f5063f7396a0c22591ba,east_asia
0xcae5df81301d8497ecf304c725615aa5dbf63175,east_asia
0x7034cf4e9b462eac209906fda19aada9a8ce4a47,east_asia
0x44a7d60a521be1f5871d36ca6c3a21fd7abef671,africa
0x94bdddf5291fe2365eedcd47b24d6eda07169a95,east_asia
0x5213d8675879791e542e1f10f5e400dc6ce94aae,europe
0x858a36744b968a158e73567e40bcd579e791f98e,southeast_asia
0x2c47bfc67e8e4f74f9c00e68491f7fc11d1626be,south_asia
0x4e611e010eb9cc60cdc37d25d92426e167c4722b,europe
0x5ef670ba457293d2dee54c1f39b9f59145e39b75,america
0x41a31ac160632120f2dc250f424066e99592bb06,southeast_asia
0xf52f1f26b77ffaa699a6576e6def5af857ad4a1d,southeast_asia
0xe4392196e890f8dfda37021db1b35bdb4ff7d599,europe
0xbd42bfb33a80cbfe33620d584e9d7635b3a65715,southeast_asia
0x6f9302fb1ef84faced37ecad92d34512519dab4d,europe
0xbde56c3feb1da63a6759d8a34c74f8602a0b2731,europe
0x171cda359aa49e46dec45f375ad6c256fdfbd420,america
0x91058a1461fc6ffb87b5aa8998c50c2e710c9c25,europe
0x6f61bb52c4ef89e801068fae101d269d075b0132,america
0xde408146a0a44cc991c6ca8a1c9b25117dbab295,southeast_asia
0x5d46250447514072dbf64387afa0d21e9daa320e,southeast_asia
0xb3f6ea78a8c10dfd5e5b330771ecf060e311a204,southeast_asia
0x008e8f080d62b23cdee6fb949086fee3e3830e8f,southeast_asia
0xba88f6a71763d01bc4dbccefc8f3a92c1646e81b,africa
0xbe8039f245e588c1ca3a706943064efda33e284e,america
0xd011406d79a7b81e06e265a694c9a67a994f27ae,southeast_asia
0xc4d5a5e76fd839b9beb6ec0433a9f518fbe4c07b,southeast_asia
0x3c02886c89e9c2d0879ffb675a250fc5314fc0be,europe
0xd9fed24b89c99fc26eebeea7efd761a21e6c5ce7,america
0xa38b1d5f0b12ff70ec26e82f449f0b8a282957b8,europe
0x02b46a69cc64ed02b96cf487f0e55da739d5af15,southeast_asia
0xeb12f782c517fff6f424ed9037222df93d63ac4c,southeast_asia
0xededf88c0ab48173c6fafaad89f929e775281df8,europe
0x567a513ef41d8f4f6eaaa18f441a102fc87a8808,europe
0x6651fda410c3caf99182f1ddfea71138c1519765,europe
0x0b259b9776b5fe03889e2da7fa37a58995434025,europe
0x98823b26dc94f09c1545788d6a2f80c8a12d1672,southeast_asia
0x3473df98b8e22d6b490a569d6aa52fb3b11d044e,southeast_asia
0xc0c48ba26b5cb140a4f0f9c0e072410116552ff0,east_asia
0x9bb2289e314ae4439a7120383a24684cad26a343,southeast_asia
0x9d400318900298327ff7e1423805f2b1c2c847de,america
0x2cbcf7c140b4cec1ed0a863b685df9c395db72b6,europe
0xb6489172b1369a252373c1f05df7fa859e4c2f25,southeast_asia
0x88b8744f3837efebac0b4384483e110b0ffa8883,europe
0xe23fcaa4f19f0e57b422f09b6da12170205153e5,southeast_asia
0xe113db41404c77eee23c17218073d79544d69e5b,east_asia
0x47f6209fc76bd24942748aea72176b3ddd6a1fd7,southeast_asia
0xc6e15a87dff030998548e6f555ca1fb41a177d6b,europe
0xa201d698a789fc3a091875afb78d78742e180310,america
0x7bf3fde4fe3d031caf369bfd15855b31b4512a9d,europe
0xb6fab1f94f513f6260b3688471d6c82f27f0975d,southeast_asia
0xd617e75f30a432e7ea158501f9e4fd6ce92cd2dc,southeast_asia
0xe315318331b243169ec55e36349eec541419e093,southeast_asia
0x5aefbcce3a863f499fef93cace91fd4340024640,southeast_asia
0x0e31122695cffee5d0e69d48dc812f8772143688,southeast_asia
0xbab2a49e83663ecf6d14e6062130ff0febcc93b9,southeast_asia
0x2109079dc0a4fb8f4cf11025683170b4e5d60b21,southeast_asia
0xa21e7504ee8845d842873726a3cac1ee437e75c0,africa
0x69c6ed179befd6224ed453c9e4e1dfbbaf8e9a34,europe
0x854d33435e5c9b953ea233b536618b66f0a13fe3,east_asia
0x590af748d3d92b8ad245609f8c52f13a8fc68b15,europe
0xd2ada7286158b4a51dd0344cd8ba79e7c43b8a55,southeast_asia
0x3a755e6fa5a5059fe82b79fbd52a408afecfbe1a,europe
0x84cdf4214c482f8adf53c714daeb1f70760728d5,africa
0x598d460d4bc83637d76d8555f52a289c433a396b,america
0x064ffd44ebaaf4aae5c92d2ffa8d487e8ffc0ffc,america
0x4125515f4e5a0db45316bf05a7c102c13e1e5ba1,america
0x9709d32d762b01e4786b35e8a68f2549948969df,africa
0x924cbcf4b5ffd60bec096a2c71db87bb41aa477b,america
0x79a1c2ca785b04d11b64c81979967533bf2f012c,southeast_asia
0x8f53d22a1f7fa70b62ce49079876f3b2a070164c,south_asia
0x914cd74aef0354821c4af976fcccd2bf3e353626,southeast_asia
0x8f2fbf78a2d44b2cb164cd7ba96e8981294859ca,southeast_asia
0xe208ef0ae2526a751c0018e61508399195972ec9,east_asia
0x773aabb9f2d7810ee9714dfd47c5eed21e4436db,europe
0x0b9c906e55db9f3d5a5c75ce965dda3351266c49,southeast_asia
0xfc721274c404947c140b855b38b93c3f5ab9b6de,southeast_asia
0x5ad13bf856f04c38ffa00e00d80fc73c616ea8fd,europe
0x95c9ef447ca800d700c18cd2e38cf6bbbe1f62ac,europe
0xf88da76bb5fccd479601394fb021f340bd0962a2,southeast_asia
0x946572080dd2cd230fd0dc0f5d1ecb425d26f141,europe
0x153940c4bac873b808a16d4a477c46d2b0be66b2,europe
0x901fcaa555e64c83063d138eaebfde4f54015691,southeast_asia
0xa38e080a9a1500b691fa8eaf27793404fd156b2f,southeast_asia
0x294cfbe99126aa04e7233291eb5e9986aa77a044,southeast_asia
0xeacc68b33414c6fa4f5ec112a3935db6e962c4e3,america
0x449b656284a44abe1365db76aad631cea0e52a9f,southeast_asia
0x9bc8d08ca6c0ec22d2b7b32ec5f5493d99437004,southeast_asia
0x15973fb67c4bfc5f3925b16913b9a31cc51f1539,africa
0x7fd773083c1f562e8125672e8915b9f135450eee,south_asia
0x450619696d7d515e239e3bfafd78483499895fff,southeast_asia
0x27846eba3a5e62cf1199de86a2ada7f4865687e3,east_asia
0xe0d093a0b722124e1c60d45323bacdf7637f4f6e,east_asia
0xf1e73f7d7656b9b00d970b58aab3bb19b5518060,africa
0xc2735cbaeef86c8496b847e6fac60dd51eaa4e0e,east_asia
0xbaebfaeb4ddc4a2798b6d35f48c2041b098e68f9,south_asia
0x1621cc9d56f3e9e79d3a430070048aae1bb349f9,east_asia
0x9eb351ed6b36e38bbc3fb819064a8d4b9d21e073,southeast_asia
0xed4e8ea616aab61d331a09f47ed8403f76aa2471,europe
0xc14a06fdf073478584f26ef98085da8e8b383a86,europe
0x8cf9d7b318b1d62e93b08617644da132681823ea,europe
0xfcfdcdaaaab8cb6b0745f9483061dec20fd9a5e5,europe
0x541f91e0729c0ada0bb5561d6ca9e88fe42125a2,southeast_asia
0x65151fb60df5a2dad7585e343c470a946ae95c9f,southeast_asia
0x1fdf2b043a236119d03290400910526912cdead1,europe
0xdf92c51f05f23401d3ee0ca2c1d84a812258b191,europe
0xf760816a0cb73e069982f6405e4889847bca8734,america
0x8e6f4241df1adada734c4ea2a38e5a74807e8e4e,america
0x19a163b2e2843e11622a10ee7f4f6faa1245925b,america
0x74ad1db8649d54dda3f38a73498a40c86a7b2321,america
0xea02fe5ad865f6f7d8be3924656a779dba3a516e,america
0x24f4d5f76013547347633b249ba6a97b7fbdd7db,america
0x45b858b99b0d17ae2d0af2895df761699bc25d16,america
0x710e1473903614b15bcbb8ff7c8e82d8efe59e78,america
0x7653c9364bb800e1136aa0634c4629ebe76a744e,america
0x7fb41029870dc3ddb869342085cb1236aae009c4,america
0x3541f40cffa026b9a25f6ae6eb1a8ddb363045de,america
0x7df463608caf5a8b1518700a600af3e38057faa2,europe
0x1fde5d126d3380a255b65929637aee719fc5f895,southeast_asia
0x1afc1eaca1b4c5f571314bf22e31367134b61943,southeast_asia
0x95318bb3496ad4c07ef8e67c1c3429b389551410,america
0x9e10753be9646d6af77fb0a800eb224fcea5d8b3,southeast_asia
0xd1ed29cd60e0ed6e2ba79cc91c4a3f3c0be25a55,america
0xc6386b0a95b60bcea480c876e3b1f9adb5b85314,europe
0x92b9967de577b9b97b94a243a6572afc20c3e914,southeast_asia
0x214199a70ffe3529aaad167cb896b23420e91c27,europe
0xf20c0130d5b932f2d0bab5d1f9088d103a151386,europe
0xc5c88a1da99ced2ce80844036386da4415701f8e,america
0x3cf67b0396a7f9a1ad3ce236c6b500108b39aa13,southeast_asia
0x97f33d7dc6e012c9c35b0e93d2874b99cc814c1d,southeast_asia
0x959487f5d5f56339d92d675c01fcc4dcf50ad865,africa
0x4d11eb53ae3d8672317adaccbec828ca86dfb39e,south_asia
0x83d364e74e81100cf7343e63e415ea441f961394,america
0x2a9758f4cd8062c709b280011468347e7c97477c,america
0x70eb12389b2fb5950f511e50a2ab6b205e658be7,europe
0x3bcf7577b8940100bea5bf56a74ec7069e9263d9,america
0x79de9f3d2354ac422ed45edab623710c68b0b44b,southeast_asia
0x63ac8b04b4aaeed54d6e6685dfe572dbfc7fe4f9,southeast_asia
0x7ac47b2c750280a58ce219ef6b5ee6baefd9a0fc,southeast_asia
0x8c51d2e48faa7a21359d28b96fe683fdf9a6e58d,america
0xa2798c2496976eab8e175c7e3b1b9ff960b97f1b,europe
0x5e9b9348da2eba239aa93bcf045f86a728505327,southeast_asia
0x309e2e310e3bb180af01eaceaa01c834ae77cfac,europe
0x199c92538e4946451c2b2bca3c0f5722e008615f,europe
0xe2303e763076478cab609e3d863bfeaa078059b8,africa
0x1a463cafd0ab6598dbc160e83b38193a006d9f17,southeast_asia
0xfc97e478bf571c176bbfd0dc3e8b1d4114dd6724,southeast_asia
0xea5b2371160d6ec9c9f8f5d5e2942ce890ec0fdb,southeast_asia
0x2b185c762f6fb49a07116ec06b238b58fe2bec53,america
0x28c54eeb9bb0464c4ece286ecc8583698c443ab4,africa
0xc854d54405ee4cc94c2d38ad682e5411c841b4af,africa
0x1f90eeba400b982152bbf182f24dd99199a8f9b3,africa
0xfc318a3c15bea9ec01b9df3760565577f71d84cb,europe
0x0a3e3525422808f7301ecb3dbb620ef86378bf1c,southeast_asia
0xa23c99a23881ecbc8e6285eb37aa37f9ce3c6104,america
0xb415e15b0ba9e6db4c4300c142dd70920c66bf40,europe
0x90d6a0bf3c3fc3c8b05235a511cec6da2e2e054a,europe
0x106b6c76bbc5b57a38f33665e4cac828f98fdac7,america
0x44b6b44b007b860608c4b0fea1748c0cff599ba8,europe
0x7426d6821d78fd380fd5fe886b89cf588854510b,america
0x2e8eb7500ef69f2371c36658059220484a7a04d8,southeast_asia
0xdf0de4d6d2813a9932b1ad0e14889547d5259e45,america
0xa294016aa0e40fddba9d62d733ef266c1c0dc932,europe
0xc027ea81ef2b6f7af6cd0f53de2e791166db7d56,east_asia
0x520116113581541ad82450c95783460d43425011,america
0x4b6b4ac9e204a1e51ead83d14886579cc9e780de,europe
0x126a85779d4f5892b55b271ad4a9d5a6eaaaf035,europe
0xdac9e6da5d770b795415f9be643d57fc7b22f7b8,africa
0xadaa6018c40962b84a9c4946c577cc3bf712fb24,africa
0x08135b0635f386d5e71db190bbf79fa6c6342304,europe
0xcc4f63323b6aa7576aad35e710469b360c79aa57,southeast_asia
0x116726ddf43831a31c3c91343f5b2f8ef244e754,europe
0x55c3c343d0712086e4fbb7b56ea5ab820789d4f9,europe
0x3d32fac9a8e9e4ce631643c2a196b328b85b4981,europe
0x551a5be1c2939509e62cdd5ad00296e87c7cb6f0,southeast_asia
0x7eace4981c46e62559c53e522d009a7a4e8c9337,america
0x25642feb10fffe7c14b648c0e112eb86a260c262,america
0x6b4be8938011a216183ae6814cec4ec59912d11d,europe
0x421151f4599d1dc899558561f7396c2571ffec29,europe
0xc9613c430913164391df5eab01e34038bfd30293,africa
0x40acaddadeadc6bcf4f2e7997e42aef86a0d8cfe,east_asia
0xc02aaa39b223fe8d0a0e5c4f27ead9083c756cc2,america
0xbe15f49289466df80662c798e024ffe32a27e9ba,southeast_asia
0x7d7112c61cc02d0d6c26f073abf7b738047f5dd4,america
0x4fd105c45d9b283b84ea28ffa11e6ced61c6f26d,europe
0x5332d7edc5cc5da6ec29c35c708224d3e4b13136,southeast_asia
0x1ba6d3acb3293651c4ca15a3ea6671e222636bbc,southeast_asia
0x212ef4a596ab34b6e395a3d7a184845bbd28e186,europe
0x5b656c5ed85a97e5ee63895c5b9963d0fdf726be,europe
0x69e43317d6d16e2ab981da5a30b59a4d7a5069af,america
0xa3cf00ee5a0e44be0231f1a3a41760f690836cb0,africa
0x98c500a451ef9e87d0357e9e10c148bcb2eb1272,europe
0x15dc2b5fd62dfd3845f53171eb1c27ffa861d0de,europe
0xf53e71044d693fb6392d9124407aa006d0ac1f21,south_asia
0xbd44f830992689aafe3087f6f27b3b441af794a2,america
0x6625e16f6b3f72b4cf2a8e7b464e75720bcd29e1,southeast_asia
0xada2a67882b981157b809e4ce912b7ad6ab10a87,southeast_asia
0x5a3978dbeec125d8d55cb4f9012db973f41072f0,southeast_asia
0x9043a9757ae62de77c0065f0c039760c1ab92b8e,america
0x1576e273e82523ca9251b9ce97afd36d4f06ef23,southeast_asia
0x5637890dfc29f426bef63e5e26ee3d771f4e2564,america
0xd55889f61adc33c317267e2a634de4386a25e169,africa
0xdd2799cf1e39463216133ac4a4613dfeb30bd7c6,southeast_asia
0x224eb56e7fa933682030cf787fcf2af125b31dc7,east_asia
0x951efeae935f49221ddfbe4056e44b8163eb5dc3,europe
0x825bdc5c41fd1d8b5041f359b57faf7626280a95,europe
0xb9fc6dace3c09b6a37c416a941346e817f47c242,america
0xc002a946e8221d904b45f97a1f1f84942af11845,europe
0xaeb31c55bcfa019345a0ef4d0fb372a02472a894,europe
0xcb8a516eaf14d857b7cd9e924c5651d175f2eacc,europe
0x4e6c59b7c0622c77e130f35d873492fa04365b7e,southeast_asia
0x313f4b8ea7268677cb466180b3d25247e88b60ca,america
0x34472cf6221fc4ad9c3d74fdf97dca5acef62218,europe
0x45dc2d776c1be15122289270c84383cf290a0b4c,southeast_asia
0xbe7d5b7db24fa7fcae1abf18d50f410c4adfe460,southeast_asia
0x7c4f7ef42aff07f6ca9499d33e071ca43fd7a561,south_asia
0xef69f4f7fc8ed11ddd214761cb3ece242baf652c,southeast_asia
0x0d58544c52149ba42b10cfc039f163083ff52c20,europe
0xe315d306e346ef993604902d59b3ff7fc16f086b,southeast_asia
0x8968567ad8763f919d6ff8dd34e1cc3a94fd8f28,south_asia
0x864839328f6e25828e7807b39f3736ea65b8ed08,america
0xba1d1be7a0fde2d320d594e622f944e9e0cd98a5,southeast_asia
0x8d044dd03323ce1ea40f9231698770a6a0eb1160,europe
0x79356703b54c0261e8316c05678d9e47f0d85ef8,europe
0x76d92ae647dd4b97b192a65383b2a6ad49bae1f3,america
0x91242e355768ae32c4d30a3db6489dda1fadf711,southeast_asia
0xac9ebff3a57cff54eac943ef7b3e629d886d225f,europe
0xb959dfcf56a0ae76a0d8bba5139daf6b5096f266,europe
0x5287bd7c988b8edf58ca7e14ecc5f41c6550a645,america
0xc5c3a29ab30a1c1f47e353b321f5079098643c96,europe
0x9db4b2d0898d1a1f14b1d17f1de99bdb377b865c,south_asia
0x76da1089983439f6213712081451a7c3658d0dd6,europe
0x49f3a12fdc89e4159e211966ad1a1da6e04dfbdd,europe
0x06673e5cf1c5a43f3d79a4399f767913a323e62d,europe
0xa848cc62410355373278ca8146700f78a2557032,america
0x3db2605e250e6e920b061f4ea53bf8f337c8c014,southeast_asia
0x417b7457b8a10ad586e1f28dfb6ed74527183b51,south_asia
0x1ce18d9334bbbbbf1ed96c6e69829f21b328b4b5,europe
0x3724856d0513fc5e1ba662eeae3c4203a81c653d,southeast_asia
0xc08dc76d06cc78caa25204baf832bfc4e10007b5,south_asia
0xf82c8331b099a290dd7723615d481a9b87ee22e4,europe
0xc54708314a97b20ec0ea2e7faf940407d6992a35,europe
0x4bad89458c859b0c40ae08c05522d737b16b9f14,southeast_asia
0x3238e4dbb25efefc5d00624f949bc40e719a6f27,europe
0xb661b0a2b776b7fe912ec4201535bd011719bbf1,europe
0x4e74b48b861df8592040c01e1c0bf772b70c9dc6,europe
0x72246e23e9f9bd3d6d528b1e76ba3dc7a38a8435,america
0xceef2969d22012e168031da35dd4efd5a93d244f,europe
0xb9268c0e4b2490126fd0ebdf7fe00c45bb51fde0,europe
0xaa312471cbb7802f43857b938510331dc3e8640a,america
0xc03ea7cdd45dc36c57db672ebfc25786f545f713,europe
0xe71713f0e445d98287da2d7f39fe5bdc93820ad2,europe
0x0222d8b7fad67c0b0cc50e1a4a462f785e62b77a,europe
0x56b97f1069dd6698756c46af8ef7b2706ea02602,europe
0x214bc7d340230e1dd18dc9a498d9704a84165c3e,europe
0x74d8ea4e76f5fe2477829b21915cc3a4908eb657,europe
0x94c7a04718b5e0df1489d618f8b1f224473560d1,america
0xeb5491c015b73c3b86f4b4a7e8982d97ec4628ff,southeast_asia
0x03baf0d2d8c5a70f1fc9c11ba634e44b9cb508e5,africa
0xa296487a8017648f67797900acc8c3e2d45e2bd5,africa
0xeb0389e51805fe0197ce0b50573d1104717a137f,europe
0xc5d396d68d3a290ebcc0ac1c71b188f5f8531975,america
0x1ee1d9314ebe022f6ce1a91bb5e264f814a4281f,europe
0xe84c35941ff5eae3ad973b92f75f93ae4ce98913,america
0x682177986361b194a4e0e7585b7922c2839bf852,southeast_asia
0x02b8b6982aadf56a9e3e71f71e01a9c7580de920,africa
0x8eada63a2f94de71f592d9527e154d6bedc1680c,europe
0xef3a2004c94aa374eecc5b7f40ad6e3a4d5fc512,africa
0x0bdc40322590bcbd53997310ab9230575b89e555,africa
0x7499dba6cb815846e037f25aaa0223e97c941d13,south_asia
0x1d019b259437499def84b6e2af2657902ed2e781,america
0x678a218f478f25789ebd07ea70645da871b011b5,europe
0x4460d0c585060d91b8887ed81f030f21de472ef4,europe
0x71dac20cf778ec4c68846597d4a586ecba469bc5,europe
0xa713839b3d08e7dfbab6d79622f29937817c1e25,europe
0xe6feefa38443b264a45802e3d131598359a4b25b,europe
0x9ff3256045bbc34d97f5d486c8e2e386a4278b88,america
0x164e2acbc86fa32ca2a4c02109a152a710aebf9e,europe
0x3e8a1aeeb91637c7dfa83758897266fc2888bba3,europe
0xf06e2458742e56f03235c62eb0cbe2374c68bd96,europe
0x8833439a0e66dd329ad887c32b40c72d8a3812a7,europe
0x191b1688109b77cce79fc80e2fd3fb703617bd97,europe
0x43813f437dfb5526b84b73afe6cbe7a19389cc1f,europe
0x7795191d7f1788bb5c25a2dbbbb01d768cdd82da,europe
0xe52ed907ba2080c1597cdeed3db352005cffc485,europe
0x441f2e35ab2f9c8831dadc0ff7cb0baec0946135,europe
0x812d34ed7359ac32a12ecc4743416d4a4b174e4d,america
0x7693517008eee395e93dfc8e784d48e667222fa6,america
0xf6f3e982ec9712d9d31786a9ef6f98e67d8f9d36,europe
0x6d34b34e3cf9372155248e33a2b773ba9cf27bd6,africa
0xf46e074db2e3d5f3f29ad84515c650d124e7c6f4,europe
0xb28baf52c14440a8f4e70cbe1a0f5af1c265b61d,europe
0xf68cfca66ba00687f1a0ee4ea07758c7926c0c4e,europe
0x3bc9d1d5fda836afe993f5d7a4c5943bdf2a7463,southeast_asia
0x62e4ac00b3e5dff11af963e29fbdd6657c488de5,america
0x7a69fb16360a9e86508fc46194813cd7ef35f0c3,southeast_asia
0x2e352c2275432bd51288c55a455aa029a38256f7,southeast_asia
0x020f60a2711d7ea0e13f57bff627b772091dee7e,southeast_asia
0xf76b798ddca5ef657bad4294a53772f0359aaf5b,southeast_asia
0xc05c0b9eaaf25718d240a99b3a51b2befa2088c3,southeast_asia
0x6325ae204778fa9db0f873e09ae0c38a80f41381,southeast_asia
0xa71bbb9b0f61e957c94925926ef7d2e1d17bc402,southeast_asia
0xb3bd8abb89cdf60ef123ab87f9c87c04fb9b5885,southeast_asia
0x8e53bf006f30ce94d134db319d975797d047c407,southeast_asia
0x8dd0e6c0a2530ee9bb0de3bc2c75df8287c1cbe6,america
0x6447ed97ed1b4cd763d36f3a0cf71a51b0bcfed4,america
0xd3b28fb2bdc72e40a67a491993cdf73c7717ec1e,america
0x492f9f1b1d02b59606ad9046ea9aa2108298ea2f,america
0xa368c967c5ef51cca5769bcc20a86faca042b1f6,east_asia
0xdb9baff5514ad9d179d2e816e46cbb2cc8ed204f,europe
0xa67cd2e58ad72b700727b9920257ac9f37878b26,europe
0x6b1769815ab6556959999272cde36c6062f3a3d8,europe
0xc2f7dcbd73e12ef00807dfd3197ff02f47105b82,east_asia
0xa21957306bd617e489f2a4070975e5abf4f6f1af,america
0x964dcabeb569dafc8391a28c9e87f6e293fcb114,europe
0xad9078b536b69d6ee0763700ea9341d4a5713e05,southeast_asia
0x153658249c280da3238cfcb29d3fb8d2c296f16e,southeast_asia
0x7bb78deae63a23825ee564037c541d86f995e658,america
0xf261e6921987500f7ea3cf9768c5fcb8dcad7e07,europe
0xd9506c619c71fadaf5826807b3fb3c1cbacbba37,africa
0x45156891dd713c4d2bec5b73f07c08b2b06bf09a,europe
0x61668ea47cbef0d1066c73d0e4501f77d9bde1a1,europe
0x9ff78213f03702cebef789edee451c2d369933f2,europe
0x8d06cde330bff72750822da4f1e03ebe969dd95c,europe
0x2e22d5e1be4a186b18cf7337311b6854fd15f262,europe
0x8cdc939870c6b475e3bd5c9a313e16ca8a500d04,europe
0x719a143654a0c4621f49fa77077800ef3f5c3b40,america
0xf898f0553a37d7aa90b6a86be609cec321626d73,europe
0x090e1cf987defba8d8525f50243d08a9c218aab8,europe
0xbef869eb93dbcc41a1d53d87cc0ab3deff41053b,america
0x65cccce00e15d60f6398a1a2c127132a24dc0c74,southeast_asia
0xa76b35057e3e207a5f54d2ed5ba9b8e7630e9daf,southeast_asia
0x683f8f90d070c0c97b27a942f0da0cad87f243a5,southeast_asia
0x62c0e99b6e55680fd234818e4c1f17bba11f85c5,southeast_asia
0xa4ec625b3cc1065546c1c2a8f11792ee416db0bc,america
0x8df894a77eef6c21ff0fb9e57d2599e0ee7c23ff,southeast_asia
0x54955841a335c10c48d41742244eefeef143e332,southeast_asia
0xa59d86acbae0bba20b192ce8aef7ae85e1b53d15,south_asia
0x6fe548250913ecd37c77da9ce0785afe4c4a3da1,southeast_asia
0xf141fc84d23386986c54a8d022abf5e9b741f9f2,america
0x5a58496f9b5973493834d88fc5f687e90549e18e,europe
0x861877b708d78328678280701e97c52af7bdcb93,europe
0x02b85ff47dcded683e4cca1337a36657e75419fb,southeast_asia
0x657523bf43b84c84d0863b6512c376c85099719e,southeast_asia
0x6c01a5cc35949cd5900c38cd4d87862fc2c0a34a,europe
0x8f73abe733706340afcb690c70ce7aef422930d3,south_asia
0x53a283f3137d343f7a9488a81b9cce69d9b68311,africa
0x2521cffebc2080fc42dc0c112f4f10fdd32b7c59,africa
0x509d20ffadddd824d5f257eeffeb1ca92e86d535,southeast_asia
0xb74bdc26c9ae486a84a15940d27992db80c79eb2,africa
0xa2c21ee4deef3c7718dde842d34be2dc5f651e6f,america
0x73c9ddd9e73e6d976240ea94c37e0ec648a24e00,america
0x1f4db76256be8c0186493e87c8f24fae755df4ec,america
0xb5189e17d3dedb230567a40de17ba919712a5f21,europe
0x402ab6d98c0d4c727d4ac94b1fcce9fabc2657c2,europe
0x8dd4402d233ebb5344d2a0dcda58cb61460e5441,southeast_asia
0x811990b710e1ff3cb732bce1bb94af83af440e87,southeast_asia
0x1aab2f083d6d1cd532a70e1cc9c7eea3ba6dfc3a,europe
0x838bcc45b6dca24242e314d23282837993b4304f,southeast_asia
0x2b66a9bb0dabd00db168e90f68706bf30ce351c2,europe
0xc205b93be2f31ab4ed8fc8e03d96e63a13cbed69,europe
0x68bda4c5b46bff5dd0d32826a563f6b89fbf21ea,europe
0xde97b34ad2999f8426b82712fbfd7d9d63ffc1e0,europe
0xc1a84138aa256ab52e77ede01f210591d16a1ca2,europe
0x074e2cac504ff3b19f4035bafe23e1ad54d1e871,europe
0x3aa3ea82e2a6b2cce39ebdf49aa53002401acf80,southeast_asia
0xd2faa8b4d883cec659918e6d8bc26fa3e34286c5,east_asia
0x661e07c176f14b561cc403e9dcc022d854c569d5,southeast_asia
0x138f616a794e4cd6b5291bc739a6d2e6b1fff7f3,south_asia
0xc8d67f3353732ffd8c8b23d516f6609377128b24,america
0x6218b25f391933b7845457e3411174464e0cdff9,america
0x31058251e0a29f3dfb24919f4db37c67a40c1419,america
0xed39fe826acd3c87a590d25af3023a2619e976f8,america
0xb82f31849e12a5f0460edbc6c78b56b7a33da4cf,southeast_asia
0xd060e4e9dc5e9a4f9188748572fb70abde658a29,europe
0x4d0dbd092b0c5d343ce7961cd607495ec44ab11d,europe
0x53350e605940121379902962cdf4823a274c1184,europe
0x1b5636c661da04259c4fe845dfeb463bb68e93d9,europe
0xec2e1df26e3c2491f4840abdcd23b8a35201c525,europe
0xea7d60561806eab8892cb6299d3951dedbe39801,europe
0xdb7c3efc25ab85de2460938f20d39b23e94fc804,europe
0x135e94c43984b9d4d27b5d663f69a9d31d96f381,southeast_asia
0x15609c4a7b47a97ba026dcc9a8415ddef6b6e6df,america
0xf1dc118656f4a82c23fdb085e285f39962df8e3c,southeast_asia
0x664218fc123bed4610c001486376c0fa2e57b013,europe
0x52f39c67f19a393535ec38d1afb7cbeeeea9de83,europe
0x44b37c559dee0d6f31863c08e3d34704675fecaf,europe
0x594d2be1b30baade3d81d21d3eb95f20c0f0abca,america
0x15d2f72b63392a48250977bfeb0efb64d301893f,europe
0xf744ac73474f8e5b83689c80ffd751a111e6a825,south_asia
0x7c96a0a0e5c5a57130042ae225802e72474685da,south_asia
0xc2d161349e7f15cf7d81eb5e78e869486830b8f4,america
0x1f974100436e8e9729c6487e25372bd8409426e1,america
0x378c6f50e38e6397eec8709e41802d336dfd5261,america
0xd64b6998808ad877c0b929158efe1f0a35af6101,america
0xa21268da8a10da8ce4fc9059735a841544bed587,africa
0x1f4d7040593101e57b6782a457a008b4243ee3f7,america
0xaf64f39d35cf5678e4f9fddc15b5058ca0149b1c,europe
0x2f9c2d5fe17db0f3e33e6a4fb6387be6a0c9968f,south_asia
0x1f3acc31a08c1302c2c935c99ff39a49931c1cfa,america
0x67ad701818e94d47d9e64ac92de119057b75d9f2,europe
0x6c685415c878b56fbabefb7cd8ca59d90b2da888,europe
0x410916c5df676439a986dae38fb71b0baa9fab0f,africa
0x4b653925a8d67345fdb11568828ba95e875233fa,east_asia
0x280aa8c071dac51f41ce9781e012fd9fa7d6c577,southeast_asia
0xda2aa9c6bd75037419e6751c853790df656f3b06,europe
0x8ddbc558507934c286503c245148070c8f65ac9c,america
0x6a56ae06654828ad0cd894303ea045983fcce389,europe
0x5ace1dc3793cc9e0d2fcedf0b400d4fa3db1dffa,europe
0xfd292c30c6a7ca4743fe953bc56c8049dda6fc94,europe
0x3971922835ab389622bb8d6d9684be14e859e2c9,america
0x811925916dc7740eeb37b241aa900ea7e72bc443,america
0x1504c476ebf8bc53ceac9128d992cfd9580a7b4a,south_asia
0x6f8680d8b60aec01bbcf999b8a3e4952da97ed41,east_asia
0xa493c543c06ccf09f7fa6b8f658fe322585ed5d7,africa
0xe5417862f4ea4c2c173d7db87903190ac163cadf,america
0x09075e7d1e06291ff392fd8e32795e02846aa199,america
0xc989e8001bf54a264ce9629d3f23f6d24e1cbc9e,europe
0x25991b064289f1341b0eedcf536f3688100c3790,europe
0xe56cf97445d70b9ff8773f9c414699b7710da3f5,america
0x9cdcef83e19bbf462aebe20c6b574479eb26fa8c,america
0x13f0ea2706c38a6af5f8be5f91489d6512499bdc,europe
0x731b489329913d6f63855d2519327baabcd05fb3,east_asia
0x60d8fece677861f3f66d9235b5aeb4be4318ec1a,america
0x9218dff231590717a4b84b086e3c7b844140ee7c,southeast_asia
0xf8b21299a0eed7d4526727a89cf14b6b1fb2d86c,america
0x83a1a09ffd4cd72bc7d7d429234271bd40542350,europe
0x73c333f91136e992671a190755e2a9a0f164eb1b,america
0x22474708732ac8b2739fd56ae421b700d43d1ad2,america
0x9700c58e1c6a1e5fca5db5f62e477eb182fe3da4,europe
0x5e647444e2e3e3921172c40ce7596dab99402b06,europe
0xb5b1b8b5aad7685fa74c3fe842d24451e1acf44f,southeast_asia
0x4875466c32dedd139af428d5aa8a0dee529474e7,southeast_asia
0x955599f6cf04fdd801a7ac1ae4e4891c10e8d361,europe
0xd7ecc5d111c8b47acf19686b90de508cb0ade715,europe
0x37f11f9d0749a053dfe6243a4c1d294ea293ec12,america
0x87bad1bf71cc7f56ca299a2143bded29d8516ceb,america
0x68081ed64e9a552c46ba8e459f6dac32dda73618,europe
0x419b0b379854de2cf4089904a7beccdbace3625c,southeast_asia
0x673deabc4e284ebf706d78b23c1b92c0d96f1f65,southeast_asia
0x83d4eb1a434ca6df28c7b5f6b0b646266a840dc6,africa
0x28a52542a123f8a8ee80788954bb7a5d0f4d5d28,southeast_asia
0x5827ab523d5a3efa10a59679bfc9a9703f44b5f2,southeast_asia
0x3686f828710b6cdbd6386bfce7a7f3cf927e7a69,europe
0xd779e7c1702a2eb615efdd075c18900ad5355148,europe
0x6edffa4e169a87aab76069ad4b27bc7ceec010d2,europe
0x309d856a063cc0e57a611de5d323001f45ccfa9d,america
0x0fadd07daf94212f6827b5678a87f3807200c17d,southeast_asia
0x08002e92f6be4eda006de207d85b5415bcd634ae,africa
0xa0f289f086bf1669c155596b51700864bea18041,southeast_asia
0x27ed92c56cf57489ea88291408a775844d31b8a1,southeast_asia
0x0f216a26ad4046c92b59bda8be86022cf7ad0bf2,southeast_asia
0x91360803da559db2dbe76df3efeeddcaab48ac1a,europe
0x7ae88c8516d5efc54d147a6945cce276b225ad59,europe
0x4428139e4872e70b197243169188d54786f24114,europe
0xa288b582673b39f425e60cd4a88b275b32740597,america
0x15d42c68f42142e7f5dd2299d709bfab57abd4d5,southeast_asia
0xa9bff16c993d96b2c59a240d6dfe74750a08543c,africa
0xa5eb808fede9a0e60cf73febacabdee6b5b4ef5f,africa
0xc135983413670015585b2ebbfb3aaa023c82c71b,africa
0xb107986dd86d9f9ed4d3ef646d9e6fe228804ddd,africa
0x41486e95dc628e098643ca603e424c045421c975,southeast_asia
0x292a0cd719994fb4d59f1e4f35c16d972a601679,southeast_asia
0x6cbebe32a000547ae2097cd3599801add4118b76,africa
0xa38e7e5d690c1e66a5244d826fcfd3bbb605542c,southeast_asia
0x260cc59d6d63424d21a432a7c59e8333434ccb9d,africa
0x41c5926e1ca1bd2bc55da911f8d5679c284ba9d7,africa
0xbef61abf8a54f9297ca884f9e6aa5915ab7b48a3,southeast_asia
0x4e9d24ea7f76e6077665baf2d52903bc41bc39a1,southeast_asia
0xf66c00db5824b31c38bece919b8d242f45a15630,america
0x2c885650ad861a0e66ff6359adc79cece90e3377,america
0x3b9c71c2cb830cfc3f4bf4e19ecaf791f88f8f51,america
0x6089f624bdf318148647cab5546c9a6ccd3257ef,southeast_asia
0xe45ec809f90e0809b3cd64149d67278c39e30729,south_asia
0xc89afb1d182ee23fd4bb57f2e34ae7beef1d5122,africa
0x9393c6fd03de1974f86ed9151c2f60162a764461,europe
0x1d9daacfe0b458563f8575ff032ba1ffb492fe0a,africa
0x50d98faf3b09d121b0c47fa31549f958c69a3160,europe
0xf24287eb58615fbf0eaf79c3791211fa9df8bc08,south_asia
0x7e742540178a22b43b58e7eb039c0a6cea9cfb18,southeast_asia
0x9271431e2d5b7396f35c6356fc7e4c378863ae52,america
0x03cef6117a9cefd5306c30913d0d2452db0143f9,southeast_asia
0x592d6413b4354a5f27bc1641909a70ca6918f31b,southeast_asia
0x84b38af7a07377c83beceb7c7f44a33f6324198b,africa
0x1b49068e39b7d67b93b3af36a2b318eedc46857b,europe
0x638e938237ef19a15470931c92bbad631282148c,africa
0x29b92c6c6e5254268aaed2f245deba2390e6cae1,america
0x5b43beada5e6e9e52eeb012f0f60600fe86a6248,america
0x47396f3bc72e4daa8f3ea44dad448177cf5b0a3b,europe
0x53b2610e5f438453dd53cb28a233b3b66bbb0532,america
0x37e98be8c200fd9ccb7040dc948a1e5032afe1ba,southeast_asia
0x610cfc694588b743c7e8c6b6252bb8f5844e40e7,europe
0x7bf4c8a2b99935549e4c4b3849a9c0e7cf70969f,southeast_asia
0x0a8331655e1a145737b8d17f08a9b669be605de1,africa
0x7b77f8d4dace1db366bcc9d54c6b66dc25a6a7f5,africa
0x9f2d797f32365865f446dc8f40c172e4ffb3b75b,east_asia
0x4386a86277a03ff37188416767ad74e4381b226c,europe
0x87534fed9542a2d45d59804503ff8303cbff1416,america
0x58e9619b20a3e915f77dd790197ed8f65f5523ad,europe
0xe63cfe3af073c4db6b971c680c62e45576d4d25c,america
0xf2cca36db88e973abe4dea8ff8e4e1a274f2ed43,europe
0xa18ef5a1bdcb6e3656abd66430a37482e023f9a2,europe
0xd69ff2807bf089ee81470981fccca5971840812d,europe
0x94c32cd334bffd44cb28dca3699c781b3c73495f,southeast_asia
0xd391eabb36434320a504dc03dae93d3533776ce9,europe
0x213e8cf54316bf0f44ddac710e49a35f127681ae,america
0x3e590fbb993bf1e97f04fe615c64bfa37dd84999,america
0x7d82b1dd6e96dc8df8a127b117ea137debe8c902,europe
0x727676d6d9e433582ac2c5a6b75628d56b9857ac,europe
0x0009a1382da5f275a52b5f17ee7e94820366f961,europe
0x764b9d15e664ad50d83ccbd18c41abe188d1164d,europe
0xd785c06b9a7bed02549b861260fe8089ea701fdc,southeast_asia
0xa925658945d7a738faf571fa32477949fa88760f,america
0x2c0e21f7c0e4bd6b1a82ab66164db747fc40e54e,southeast_asia
0xbcc51e1f6f98335af50e205c1f8f0b2f1734c7a4,america
0x875d64e8ab17dd217be07cab9b38da2c88dba130,america
0x2846541054f6f993dc55121ccc3d2b3667234f1b,europe
0x680d031eeb0b56a3c27fd11913b7cfacf59ac6b0,east_asia
0x2a4ce5baccb98e5f95d37f8b3d1065754e0389cd,europe
0xcece74f25b400dff725b32891775850b642d4e17,east_asia
0x175dc3e4c3f6916306c1d52bd04c4fc007b1c7b3,europe
0x86904b27c54cfb5f6e12391f0a6d199a36b9b1fc,southeast_asia
0xeae448e1537aa3c6b2a37e2ab26bba7ca2de9436,america
0x5b45474a2d0015968cae7326343f82d0783f30d8,europe
0xc929aa1995521b3d42e4b2ff68134cf78737f25a,southeast_asia
0xc4ec10e6263fc7ccb9055d6b4c8b2a8ecc0d719e,america
0x2e36486e0cccdc1ed9f2efd3a88400e14e2c507c,europe
0xc96b2cf50e360ba31c3b7984f8caed44ed576d70,america
0x6c7765f11b7619e8384651ce9c4a99a8c10ed15b,europe
0xfe091a039d704d281d1fd774682e4b19243b6ad6,southeast_asia
0x8ea4b97fb9aaeb0af40433013eccad25cff636d0,europe
0x10b45723053e622eb817690b65552ee90ea1a07c,africa
0xc26f21c2786d15069cb536c348bbaff9b36dd63d,america
0x6652cb1e8a9892d4660b02437245109206ce5c40,europe
0xb149aeaef6144e7184f0d4461c91d40ac97d97da,europe
0xf4ad8d479ca0c24c72b1b08097d8e44638e81e64,europe
0x1574a3b42dd545ee9121bdde233dd5739ddf5126,africa
0x7f89acc9679ae2163d60cc32565f5508ee400af2,south_asia
0x7d7a77771dcc7e26208369f50f7c8af6609ff78c,southeast_asia
0xffea745b349f9322af632ebbdee6a5f8fa66b275,east_asia
0xe20788c86c21cac5446d2a6ee4fe3e6eae43bae4,southeast_asia
0xabd3a41268de53b7b687afd88ad4518d714e9cb1,south_asia
0x048897217dbf94cffaac4caa2f5b4d265323a3d3,europe
0x7ba15bdd3c87fa45970cf0426f17a8fd7a4e65fc,europe
0xf39fd6e51aad88f6f4ce6ab8827279cfffb92266,southeast_asia
0x50dc5087b38d0646d49ebf8ec5a1d79204fac8e8,southeast_asia
0xf723e82ba7b27951cfc9b5c0c9a9b4dffb7dcb44,europe
0x0283eec649c80e73cee46873d6575aa9849a70c1,southeast_asia
0x1adee83d7c310752b9f10be7c6076b26e411bc39,america
0xbacd2365cfbf8511fa22f366474de0b5e453b23a,southeast_asia
0x083f4615aca95f9304ce434304a7bcd6ef8c9c66,europe
0xaf9d19c5d3fa276cacfaf99da0e79a11b54d4d8e,europe
0x701f8e2583c73be44f47b706ce211ec7cff15624,east_asia
0x3bd2cec503601cb5358679a895b7f0ad7556194b,south_asia
0x89532318fab5ad3c38c163371dfc19f75fb8d735,southeast_asia
0xf55ca4c51f283db275ab0072a9c52c27994aae65,southeast_asia
0xe92d1a43df510f82c66382592a047d288f85226f,america
0x5a64d02322a660a2c24b006cd3c6eb554624d9de,america
0xb8a507fe5ccefacb8088241a42384dfc76c2261b,america
0xdc6ed60479a09e18c0cfe93c80b46dad3c59d595,america
0xd2ace3c4959516100e506cb95c60da89356cb8dd,africa
0xa1cfa56cd8af8bdce56b2a95e359297052950cb6,southeast_asia
0x1096a5125191a31974acb9dc821c5898fae37a7a,southeast_asia
0xb3a1cd6c9cdc82039c187b017a89f9262872033f,africa
0x90cb14d2e2a3745b44e3d652ad027934fe46f991,africa
0xfbb8970e23928f1de1e30e9e8fc558cb32299277,africa
0x5d1124fb77c539ec92e3ef853053bbce1e98271b,europe
0xec6e38b054f7e2eb00548a1ad1b0fa04c69b24cb,europe
0xdc35abd800077d1dba57f29a596b671009765209,america
0x1482ba567ecd66922ebdb42cae10667c926f785e,africa
0x22fc164ef93b5942fbb2d0ad858c32330f14902e,europe
0x9dc9319d60ea55128fee758c17f07cf3fe7e427e,southeast_asia
0xc87cdb0268a07c511e3649c29f612ecf43eaa80a,america
0xe9a44e940f6c1cef90de0395a93bb3767173721c,europe
0x9e81c86b879f48e798a7417a58b0a1df1625bc49,africa
0xcc963741a98f57ffc65f893e8b98a1467d1811c9,southeast_asia
0x85c868c181337cb895666a8b2148ab14195e8444,africa
0xb927b8bf91783b9a21cff509c1a78cdbfce355de,america
0x01646328d086810329d425c524c811bdadb0e473,southeast_asia
0x4d460b9a1cb6e1b66f6eb083829688275df67854,southeast_asia
0x5811bce847f66f34fb2c95871494b3e689185772,europe
0x172cdbcf7ef9d62a2137c0c9ff64ab9d6a1fd5ce,south_asia
0x1aa9284c3fa01431abd7da1da1ba2dae2709e736,southeast_asia
0xe3da7eed9716cc17445e53f205721b415306ecc2,america
0xb79471fc7c05eec674243778738fe78995689ed1,east_asia
0xcc0ae1d05eedb055f4f45f0045ccde7076ce1557,europe
0x78c1e25054e8a3f1bc7f9d16f4e5dac0ba415cf9,america
0x762fbaaa06e493d97e676bb3c41f6db3508669a3,europe
0x84856f6271fe599ad7532b1bd26671d70ef3bb38,america
0xb858b340cc641538fe2088802218c9ab60b6cb0b,southeast_asia
0x3e641f096b2d071a260809e29b9e8d9f5127da8c,south_asia
0x11b2358e677997f463ae1f0bfb7913bcdb64facc,europe
0x2918e9d0d95dbdda3757c1698449d705a2dcffa2,southeast_asia
0x7a664757a30d9dbca8c7658b42ae44c8a3efbc51,africa
0x6411329a522fbe0f5b75b25951863c0a589a8565,south_asia
0x1bd864394ec6a1e5f90ee7112d50985d46d2628b,southeast_asia
0x51753df0b590dee64687a62ab4cc5e6058450fb9,southeast_asia
0xae294a564b54d6cb511919fe437e638b729e8d10,africa
0xa245c6fcc506ea17ca597ce03538caccfa3b0ac2,southeast_asia
0xe6bc29f12f8853a100cbf5bbb8c2a845dfb6fb11,africa
0xb2812370f17465ae096ced55679428786734a678,america
0xd4d1c71448cd3cf58310b953a8c4731ca07c4d3c,africa
0xa931d1fd0f87191e3cd71e68c6a6f39e588cb4fe,southeast_asia
0x979b145541ade4f2b7f630736821187499b1642f,africa
0x75578bd7c408bf330e6a48e014ffc22bfe7d6744,southeast_asia
0x1db1af4111e8658dd0e794799d8e277a42462c4e,south_asia
0x6bf9870ec5c8d279f6774264d2c5eee48d280e89,europe
0xcd7c33aaa9dace84a77c1d02ec2b4dddf80b670f,america
0x07dcf0d26e74f26e9c25856270268731448bdfba,africa
0x3fb2d5f543636b30ab0d1dd2a448e657174c9764,africa
0x046b59a694162486cdf07354713da12f721aeb0d,southeast_asia
0x8f1a1aa164292b99fc1f692396abcd40785dd1dd,america
0x1cdcbb01f6c6850120f96f659a8bef2097df8182,southeast_asia
0x915cc145b0e0f62b9fbf32d7f930682928d46992,europe
0x5e14be5306ecab315b84af510adee547f0f061fc,europe
0x65743acd373752613fea492efe90b44e48193733,southeast_asia
0x97dfb272d05f817e43a2581d7951767e94eccda5,america
0x9bc7fbf8c22c1bfcfecfa02325b1bafd0223d871,southeast_asia
0x9f8d047525da9b1876dd967e0892ab837287aac0,europe
0x2e1f0146a688ebde5bd410779c2e67b0d0c8c311,southeast_asia
0xddf112abcbe5473dab862e2efbbcecf4d65438be,africa
0x332515cc00c8db8f924851394ed3a69c72e63729,america
0x98e74178bfbd97c28c9e2b0046ff39b68bf52f96,southeast_asia
0xcfb2f629301830c1179528d35aa55b09bf1f2130,southeast_asia
0xdedd5ee1b44ca07b12fd0323f4f3fa31b6bf3cb4,africa
0xa04d6f5ee5a1f3a1bae645e840eb8602dfc2d5c5,europe
0x64d30026fd6cefa2f2c695deb606b5c55ec16245,europe
0xc8fe738e02a7da5695a3fd8c970cbdd25c82638d,africa
0xf607538ee4daea6d84f45b3ce0a56aa9e33569f2,southeast_asia
0x8f51d217021a11ff090b97f5333b4055f5d12a7a,europe
0xa45f1d85edc0ecedd95b1a4771985832b15f851b,southeast_asia
0x0e0d936e6cd915251d61e3b28d9461fb8b0f6e6d,southeast_asia
0x4186238ab4e340055144b2ded46b979ab16833ef,europe
0x5a4e542bf35a03e108494897f52253f8098ee015,america
0xfdbcdbe45f510a6ced61698002e57fa288cc5fa1,southeast_asia
0x65ef5868cab2e1023a8a743721b1ff02a4d748f9,southeast_asia
0xfcf5705f14b43c74b798ffabe078c92058b9925f,africa
0xb23369f3aef18eb2cae92abcbb35d989e2edc294,america
0x4f42543be3ea3c04c8d0ce8c178871a395de8751,africa
0xc312e8ac942b9c506856a9aebf1b622591e368d9,europe
0x2787bdee94188a69fc078239bb99863ac28811a7,east_asia
0xf902d842eb3d4e4f3832db85c036bea6ce9ccb49,africa
0x8c526853ed5df3876f0619a09bfba6a58d500eb1,america
0x07f0bb8a0e52b2fc391ae8a752ea7d9fc4f44039,southeast_asia
0xeacefd8baf7679b6961b4772b019b8c439e55388,southeast_asia
0x871626e8d5da1d53ae189122d2b6e626e30089fe,southeast_asia
0xcf1897fa25e2fc269c2e7620bf299617eab9fa21,southeast_asia
0x662df9e444cdf96bbabcf1817abd4e3a9cdf5d64,southeast_asia
0xd68b2d5192fe0fc5edd720523e881395a5009db1,southeast_asia
0x2733a9f8873beee7b41b99fc8e77b4203144a1db,europe
0x5cb867103e4ab9f523408100591d13403d15d56d,america
0x578b6c5309689795ca4fe69fc05bb995f518317d,america
0x2481b1ec7ea9ac6deaf82c55dc4106bdd23e3b01,europe
0x19b5e27944d179c1fa03b929d709e80b505060bf,europe
0xbda6452d66d5bc744260a8a184651b0c69d8fbae,south_asia
0x9fd0da2f20741570d2e0bb6bc11fb94d371fc1fd,southeast_asia
0x8cf1d7c7c3cea0d37c2ff0a637c83b2e8be6dd25,southeast_asia
0x004949294b5ce5ee84336647644ae22c3f4f8b40,africa
0xcf7c9a575db0ba3f92b50c6f153863906dca756f,europe
0xedb398a0c087b197709e4aa20f0f6c4ac7a42f30,southeast_asia
0x2cb692d8427b9b1d2214a35909cb523fee532108,southeast_asia
0x5b0755f4f01f25e0fddd2deccbfd253eb6476fcc,africa
0xaf0eb205416c309a8094a4d0da30cdda839235df,east_asia
0xac08abb4e2bbffcba579478e39e67c82e8e7b83d,southeast_asia
0xdba83f1c5cedf05e33f1a72f727d2842a0cad3a1,southeast_asia
0xfcd540a1692bd873d6110255cf12d4f380beadb9,africa
0x32fddc537c663db411b3d67a290595fdc3cea806,europe
0xa5ac69ff3b13c354d44045c6e5deeeaff9db6c0d,africa
0x86a36a5baaa5c60036e758caa1a4dad32e6a5af4,southeast_asia
0x0049f9bbdd8af910965a908abe9bc261729c4e3a,europe
0xc3e80aaf1dc98947ef575a96721edb92301d1df8,east_asia
0x26cff2368c3ee4d4f5ee7c750721c5ea46a5691f,southeast_asia
0x5110046d4d334cfaa66a7f3d9b0e4153ae976728,africa
0x5f5223c70f967f72bf0b6bed7267196630108b41,europe
0xc1c870760a6d35ddf36763caddecf4fb353570ca,europe
0xb203205a7c998a5372d3643af469c543bc5af83e,america
0x3b597f9286b444eff6408c07c96b189b0d677768,america
0xb64c9d95a6f3c23bb0c93283a94ab264c6c0bab2,america
0x29486717c52c0df75662615e6daf9b2e875c3737,africa
0xe2dc357bcecffeb321a8acc09b6ffcfcbbc335c2,southeast_asia
0xc3312c8a77c9b72386ee669f646ff212528b5468,africa
0xeff6cb8b614999d130e537751ee99724d01aa167,east_asia
0xa4273504ea58652d4ade879aca259f77fc63f40b,southeast_asia
0xe90067241ed4a1023a3213d0f741310d7542c3b2,europe
0x34db2ebd040298ce61b4a1904f621cee2a523acc,europe
0x770962a89a1bc510736cd204e02e571e0c729557,america
0x217cafb533cc7f223a39dddcdaac961a397a4055,europe
0xa8e5c6d39a8b280c59230814e9a8ae0288268032,southeast_asia
0xe847ecd6d3e9f46f49e548fff56eb36b92914637,east_asia
0xb986fd3281319b8ca8b5524c17ba6f26357d68fb,southeast_asia
0xccacde0416e159a1baa2850c0be04e29fcdaff1c,europe
0xbaae546073308e70fb7978cded6cba08fee70a2c,africa
0x4f4e02d712bc77eca16341f3d7618f7351a123ce,europe
0x62f1dc3a914456db16ca1993defc5eb9b5813c1c,east_asia
0x114521170f73ac52d0c2fa2eca0c3ea006ddaf1d,southeast_asia
0x598550917a112300bb31e4a0552ab990b03a4a19,africa
0x0e00432e627dd12add68ad8511c56f26f6e61ca5,southeast_asia
0x6f6285788c18a70101abdd7fa7ef6457ac59141b,southeast_asia
0xbe02474d4278db209db83c03ffe9e8bc65c73122,southeast_asia
0xb854f7fdbc56a3a6f251a0f1b95a2c17f6ec339d,america
0xe651928882fe6f9fedec0fa17a3236acf9fece05,america
0xcd40feaf48fe99e9743b27e986ee41205fb46977,europe
0xdce9720ec736bed5dc17c2c7aa79c9711d3a8d89,europe
0xbdf768e20918395854049050bac925c7ef12c36c,southeast_asia
0xe1e053bef1e938fd12b031b21a8f3010412a53cf,europe
0xe726ba45782414824443dde516f473e053d601f5,europe
0x5aef275f4d5a6d83ec38c03d40079e922958be98,africa
0x1035c5882d9585f410b608b951cec0d9dc5c2a12,europe
0xdfa5b44f2433ef0967153b6bcdf133295f6a1828,southeast_asia
0x50c935e3d11f0b99fd047bf6ddbff203a5818b12,southeast_asia
0xba2c9b33b8db6cc14079008108fb61f110c69cad,southeast_asia
0xc399c7147aeed03ad4229d376dabfc159bcb2bae,southeast_asia
0x713619fde6b519805daef7c652066ce0fca99658,africa
0x1e681e2845aeec652b4532a8e1aa591c01050986,america
0xcb058c74a0c0070d5d4997ea75f514e231c00015,south_asia
0x9ba67cbb2af751af5e874a7eb57691828f43658e,southeast_asia
0xdb84d0726b23b7dc374860c502440fa3487642c6,europe
0xc00428b5b2d8a884d2a6fa32c2ab6dc7edd55d05,southeast_asia
0x4481b9524d845e324585cc3a3ed6e6e6bcdcd14f,southeast_asia
0x9777d8503bc6f7f485c8a6f4d3afcbeed548153a,southeast_asia
0x68c372e9903b34ea9968d735414cf5eb7edb1c2e,southeast_asia
0x970650b6873a715d96028174e5f98c80c7229f0b,america
0x68953f99afd223a8794dcf6767dca382d3db72e1,southeast_asia
0x4e5f83472e31069a3d1904fa95caa55a348bb764,southeast_asia
0x9e7b32c0aef7a4fc0e6047c5e1f1140053c01c43,south_asia
0xeb100560b596d24eeeb2527cac9ee7e8ad92e9bc,europe
0xfc5f770825dbb10cc35593a20735c8337f524def,africa
0x617c0b507633275f40d2273671bf22a7dbca4dfc,europe
0x5ef228cae02ea30ce6d058bba26dc4bb59c08aec,america
0x3b624e0bbfadb554c1487f7b0e49409ba5d3e9d1,europe
0x62bbe5c471923a57e674148b90e8afe791cdd472,southeast_asia
0x067750e859a779eeab3e26dd8a5c5aff6b731b0e,southeast_asia
